"","TopCut_highestMinuslogP_up","maximum_MinuslogP_up","sum_MinuslogP_up","times_significant_up","FirstTopCut_significant_up","PEBBA_score_up"
"ABC_family proteins mediated transport",100,0.604736065499167,1.9375975283563,0,0,0.226890713228622
"ABC transporters in lipid homeostasis",100,0.660312321630782,1.99585240692595,0,0,0.241655032077252
"Abortive elongation of HIV_1 transcript in the absence of Tat",650,0.0284745759093243,0.10247801308915,0,0,0.00790897834664147
"Acetylcholine Neurotransmitter Release Cycle",100,0,0,0,0,0
"Activated NOTCH1 Transmits Signal to the Nucleus",250,0.185891243252413,0.689950866479449,0,0,0.0657214173351179
"Activated PKN1 stimulates transcription of AR androgen receptor regulated genes KLK2 and KLK3",1050,0.000862341850469868,0.00205150238787035,0,0,0.000203277088934648
"Activated point mutants of FGFR2",100,0,0,0,0,0
"activated TAK1 mediates p38 MAPK activation",400,0.0585353138167231,0.292362146421306,0,0,0.0189516887452521
"Activation of anterior HOX genes in hindbrain development during early embryogenesis",700,0.00963922181001967,0.0223049359117351,0,0,0.00263125830718858
"Activation of APCslashC and APCslashC:Cdc20 mediated degradation of mitotic proteins",650,0.0284745759093243,0.0818326648967227,0,0,0.00790897834664147
"Activation of ATR in response to replication stress",750,0.0166514691987331,0.0349325939354373,0,0,0.00441703934786319
"Activation of BAD and translocation to mitochondria",100,0,0,0,0,0
"Activation of BH3_only proteins",100,0,0,0,0,0
"Activation of GABAB receptors",1350,0.0301630240196178,0.163564679604304,0,0,0.0063566897986044
"Activation of gene expression by SREBF SREBP",100,0.525976144350209,1.70995183632191,0,0,0.20451089865878
"Activation of G protein gated Potassium channels",1050,0.000862341850469868,0.00205150238787035,0,0,0.000203277088934648
"Activation of HOX genes during differentiation",700,0.00963922181001967,0.0223049359117351,0,0,0.00263125830718858
"Activation of IRF3slashIRF7 mediated by TBK1slashIKK epsilon",900,0.276179000694552,1.54874700971274,0,0,0.0603307212811171
"Activation of Kainate Receptors upon glutamate binding",1050,0.000862341850469868,0.00205150238787035,0,0,0.000203277088934648
"Activation of Matrix Metalloproteinases",200,0.245876304164422,1.08107517211056,0,0,0.0902907066577304
"Activation of NF_kappaB in B cells",650,0.0284745759093243,0.0818326648967227,0,0,0.00790897834664147
"Activation of NMDA receptor upon glutamate binding and postsynaptic events",650,0.0284745759093243,0.127090787200246,0,0,0.00790897834664147
"Activation of SMO",100,0,0,0,0,0
"Activation of the mRNA upon binding of the cap_binding complex and eIFs and subsequent binding to 43S",100,0,0,0,0,0
"Activation of the pre_replicative complex",800,0.00796213820605535,0.0182811247367042,0,0,0.00207148368913084
"Acyl chain remodelling of PC",450,0.0563098633968081,0.22136120006144,0,0,0.0175418735224042
"Acyl chain remodelling of PE",450,0.0563098633968081,0.232073085833105,0,0,0.0175418735224042
"Acyl chain remodelling of PG",100,0,0,0,0,0
"Acyl chain remodelling of PI",1050,0.000862341850469868,0.00271001404249529,0,0,0.000203277088934648
"Acyl chain remodelling of PS",850,0.194048312766379,1.27629518216956,0,0,0.0450473685269825
"Adherens junctions interactions",450,0.0563098633968081,0.22136120006144,0,0,0.0175418735224042
"ADP signalling through P2Y purinoceptor 1",1300,0.092555818784005,0.489333025391434,0,0,0.0191945913699168
"ADP signalling through P2Y purinoceptor 12",1050,0.000862341850469868,0.00205150238787035,0,0,0.000203277088934648
"Adrenalinenoradrenaline inhibits insulin secretion",1050,0.000862341850469868,0.00205150238787035,0,0,0.000203277088934648
"Aflatoxin activation and detoxification",200,0.767898738894496,3.56220061217874,0.0344827586206897,200,0.222023853152158
"Amine compound SLC transporters",700,0.0184254950519611,0.0533580889873984,0,0,0.00500768753760438
"Amine_derived hormones",100,0,0,0,0,0
"Amine ligand_binding receptors",1250,0.000117583616180589,0.000336970547233135,0,0,0.0000259234537623683
"Amino acid and oligopeptide SLC transporters",100,0.917439617866006,5.06282834873704,0.0344827586206897,100,0.300229645255002
"Amino acid synthesis and interconversion transamination",100,0,0,0,0,0
"Amino acid transport across the plasma membrane",100,0.917439617866006,6.28499805537853,0.0344827586206897,100,0.300229645255002
"Amyloid fiber formation",500,0.0379605494643854,0.165051336664632,0,0,0.01151059837972
"Anchoring of the basal body to the plasma membrane",750,0.239681034072129,1.54586439936323,0,0,0.0570054198014898
"Antigen activates B Cell Receptor BCR leading to generation of second messengers",450,0.0563098633968081,0.22136120006144,0,0,0.0175418735224042
"Antigen Presentation: Folding assembly and peptide loading of class I MHC",100,0,0,0,0,0
"Antigen processing_Cross presentation",250,0.087749772900765,0.367183690356218,0,0,0.0325476279841267
"Antiviral mechanism by IFN_stimulated genes",100,0.382325428374813,1.26505068953377,0,0,0.158863506957581
"APC:Cdc20 mediated degradation of cell cycle proteins prior to satisfation of the cell cycle checkpoint",650,0.0284745759093243,0.0818326648967227,0,0,0.00790897834664147
"APC_Cdc20 mediated degradation of Nek2A",650,0.0284745759093243,0.0818326648967227,0,0,0.00790897834664147
"APCslashC:Cdc20 mediated degradation of Cyclin B",650,0.0284745759093243,0.0818326648967227,0,0,0.00790897834664147
"APCslashC:Cdc20 mediated degradation of mitotic proteins",650,0.0284745759093243,0.0818326648967227,0,0,0.00790897834664147
"APCslashC:Cdc20 mediated degradation of Securin",650,0.0284745759093243,0.0818326648967227,0,0,0.00790897834664147
"APCslashC:Cdh1 mediated degradation of Cdc20 and other APCslashC:Cdh1 targeted proteins in late mitosisslashearly G1",650,0.0284745759093243,0.0818326648967227,0,0,0.00790897834664147
"APCslashC_mediated degradation of cell cycle proteins",650,0.0284745759093243,0.0815293809419104,0,0,0.00790897834664147
"Apoptotic cleavage of cellular proteins",150,0.380583603288352,1.34888112526284,0,0,0.142280394569629
"Apoptotic execution  phase",150,0.323889373229566,1.1320813400788,0,0,0.124360211327394
"Aquaporin_mediated transport",650,0.0284745759093243,0.127090787200246,0,0,0.00790897834664147
"Arachidonic acid metabolism",150,0.387210924868286,1.5906382095958,0,0,0.144309638060751
"Assembly of collagen fibrils and other multimeric structures",250,0.185891243252413,0.69574119241226,0,0,0.0657214173351179
"Assembly of the pre_replicative complex",650,0.0284745759093243,0.0818326648967227,0,0,0.00790897834664147
"Association of licensing factors with the pre_replicative complex",650,0.0284745759093243,0.0818326648967227,0,0,0.00790897834664147
"Association of TriCslashCCT with target proteins during biosynthesis",650,0.0284745759093243,0.0818326648967227,0,0,0.00790897834664147
"Asymmetric localization of PCP proteins",650,0.0284745759093243,0.0818326648967227,0,0,0.00790897834664147
"A tetrasaccharide linker sequence is required for GAG synthesis",350,0.0712817261211173,0.35117823999928,0,0,0.0239653756475676
"ATF4 activates genes",300,0.158671709160566,0.509849949159847,0,0,0.053704551819771
"Attenuation phase",1500,0.274522398589394,0.790830296361472,0,0,0.0492644855025389
"AUF1 hnRNP D0 binds and destabilizes mRNA",650,0.0284745759093243,0.109918956409505,0,0,0.00790897834664147
"AURKA Activation by TPX2",750,0.399772689962073,3.15035045499629,0,0,0.088141667751682
"Autodegradation of Cdh1 by Cdh1:APCslashC",650,0.0284745759093243,0.0818326648967227,0,0,0.00790897834664147
"Autodegradation of the E3 ubiquitin ligase COP1",650,0.0284745759093243,0.0818326648967227,0,0,0.00790897834664147
"Base Excision Repair",750,0.0166514691987331,0.0349325939354373,0,0,0.00441703934786319
"Basigin interactions",1100,0.0605387211614204,0.360909087476471,0,0,0.0136084744718076
"BBSome_mediated cargo_targeting to cilium",1150,0.000300084305422798,0.000801598325043644,0,0,0.0000683279460479345
"Beta_catenin phosphorylation cascade",700,0.0184254950519611,0.0533580889873984,0,0,0.00500768753760438
"Beta defensins",100,0.660312321630782,1.99585240692595,0,0,0.241655032077252
"Bile acid and bile salt metabolism",1300,0.0000858119173979235,0.000219386931052546,0,0,0.0000186314798225708
"Binding and Uptake of Ligands by Scavenger Receptors",400,0.0585353138167231,0.316370406282221,0,0,0.0189516887452521
"Biosynthesis of the N_glycan precursor dolichol lipid_linked oligosaccharide LLO and transfer to a nascent protein",100,0.404368803187189,1.34327929120803,0,0,0.166301031305706
"BMAL1:CLOCKNPAS2 activates circadian gene expression",150,0.333408055879153,1.14917794659122,0,0,0.127440333548107
"Branched_chain amino acid catabolism",550,0.0348874013986122,0.137365414487762,0,0,0.0102492440029042
"Budding and maturation of HIV virion",650,0.0284745759093243,0.0818326648967227,0,0,0.00790897834664147
"Butyrate Response Factor 1 BRF1 binds and destabilizes mRNA",450,0.0563098633968081,0.22136120006144,0,0,0.0175418735224042
"B_WICH complex positively regulates rRNA expression",450,0.0563098633968081,0.22136120006144,0,0,0.0175418735224042
"Ca2+ pathway",450,0.0563098633968081,0.22136120006144,0,0,0.0175418735224042
"Ca_dependent events",650,0.0284745759093243,0.127090787200246,0,0,0.00790897834664147
"Calmodulin induced events",650,0.0284745759093243,0.127090787200246,0,0,0.00790897834664147
"Calnexinslashcalreticulin cycle",100,0,0,0,0,0
"CaM pathway",650,0.0284745759093243,0.127090787200246,0,0,0.00790897834664147
"Cargo concentration in the ER",150,0.347947000142421,1.21374022116194,0,0,0.132088718770795
"Cargo trafficking to the periciliary membrane",650,0.0284745759093243,0.10247801308915,0,0,0.00790897834664147
"Caspase activation via extrinsic apoptotic signalig pathway",1250,0.108515287637817,0.419810396908452,0,0,0.0226731456443697
"CD209 DC_SIGN signaling",100,0,0,0,0,0
"CD22 mediated BCR regulation",700,0.0184254950519611,0.0533580889873984,0,0,0.00500768753760438
"CD28 co_stimulation",100,0,0,0,0,0
"CD28 dependent PI3KslashAkt signaling",100,0,0,0,0,0
"Cdc20:Phospho_APCslashC mediated degradation of Cyclin A",650,0.0284745759093243,0.0818326648967227,0,0,0.00790897834664147
"CDK_mediated phosphorylation and removal of Cdc6",650,0.0284745759093243,0.0818326648967227,0,0,0.00790897834664147
"CDO in myogenesis",400,0.0585353138167231,0.279896513878163,0,0,0.0189516887452521
"CDT1 association with the CDC6:ORC:origin complex",650,0.0284745759093243,0.0818326648967227,0,0,0.00790897834664147
"Cell_cell junction organization",150,0.391243966280447,1.5366494254118,0,0,0.145537963452742
"Cell death signalling via NRAGE NRIF and NADE",950,0.646495894230351,6.64510032510479,0,0,0.116633407042787
"Cell_extracellular matrix interactions",350,0.0712817261211173,0.35117823999928,0,0,0.0239653756475676
"Cell junction organization",150,0.333408055879153,1.17236759923177,0,0,0.127440333548107
"Cellular response to heat stress",350,0.0712817261211173,0.35117823999928,0,0,0.0239653756475676
"Cellular response to hypoxia",650,0.0284745759093243,0.0818326648967227,0,0,0.00790897834664147
"Centrosome maturation",750,0.399772689962073,2.51999543526806,0,0,0.088141667751682
"cGMP effects",450,0.0563098633968081,0.224039822499484,0,0,0.0175418735224042
"Chaperonin_mediated protein folding",250,0.09609135693542,0.620149148575704,0,0,0.0354955624861942
"Chemokine receptors bind chemokines",150,0.333408055879153,1.29044336666015,0,0,0.127440333548107
"Cholesterol biosynthesis",100,0.604736065499167,1.9375975283563,0,0,0.226890713228622
"Chondroitin sulfate biosynthesis",800,0.00796213820605535,0.0182811247367042,0,0,0.00207148368913084
"Chondroitin sulfateslashdermatan sulfate metabolism",350,0.0712817261211173,0.35117823999928,0,0,0.0239653756475676
"Chromosome Maintenance",750,0.00980849308831765,0.0177222894982344,0,0,0.00261074020320555
"Chylomicron_mediated lipid transport",1450,0.00639238931129717,0.00649903323039064,0,0,0.00132532275587046
"Circadian Clock",150,0.256762889023561,1.19838038560024,0,0,0.101786228754792
"Citric acid cycle TCA cycle",100,0,0,0,0,0
"Class Bslash2 Secretin family receptors",200,0.245876304164422,0.941617496576681,0,0,0.0902907066577304
"Class Cslash3 Metabotropic glutamateslashpheromone receptors",300,0.158671709160566,0.522315581702989,0,0,0.053704551819771
"Classical antibody_mediated complement activation",100,0,0,0,0,0
"Clathrin derived vesicle budding",150,0.391243966280447,1.34532709540027,0,0,0.145537963452742
"Cleavage of Growing Transcript in the Termination Region",100,0,0,0,0,0
"CLEC7A Dectin_1 signaling",650,0.0271315201085253,0.109964729164811,0,0,0.00754097564671387
"Cobalamin Cbl vitamin B12 transport and metabolism",700,0.0184254950519611,0.0533580889873984,0,0,0.00500768753760438
"Collagen biosynthesis and modifying enzymes",500,0.0379605494643854,0.167729959102676,0,0,0.01151059837972
"Collagen degradation",950,0.704708718890063,8.40103092587949,0.0344827586206897,950,0.12389069934541
"Collagen formation",250,0.182805027554306,0.69526447192766,0,0,0.0647270343005457
"Common Pathway of Fibrin Clot Formation",150,0.391243966280447,1.73888280572267,0,0,0.145537963452742
"Complement cascade",1150,0.589138768455103,7.69541673705943,0,0,0.101384281014336
"Complex I biogenesis",100,0,0,0,0,0
"Condensation of Prophase Chromosomes",1050,0.000862341850469868,0.00205150238787035,0,0,0.000203277088934648
"Constitutive Signaling by Aberrant PI3K in Cancer",100,0.917439617866006,2.43672766426717,0.0344827586206897,100,0.300229645255002
"Constitutive Signaling by AKT1 E17K in Cancer",800,0.00796213820605535,0.0182811247367042,0,0,0.00207148368913084
"Constitutive Signaling by EGFRvIII",1350,0.000054589832295894,0.000133575013654623,0,0,0.0000116785627603201
"Constitutive Signaling by Ligand_Responsive EGFR Cancer Variants",650,0.0284745759093243,0.0818326648967227,0,0,0.00790897834664147
"Constitutive Signaling by NOTCH1 HD Domain Mutants",650,0.0284745759093243,0.0818326648967227,0,0,0.00790897834664147
"Constitutive Signaling by NOTCH1 HD+PEST Domain Mutants",250,0.124983860911957,0.48559171074824,0,0,0.0455182236754896
"Constitutive Signaling by NOTCH1 PEST Domain Mutants",250,0.124983860911957,0.48559171074824,0,0,0.0455182236754896
"Conversion from APCslashC:Cdc20 to APCslashC:Cdh1 in late anaphase",100,0,0,0,0,0
"Cooperation of PDCL PhLP1 and TRiCslashCCT in G_protein beta folding",1050,0.000862341850469868,0.00205150238787035,0,0,0.000203277088934648
"Cooperation of Prefoldin and TriCslashCCT  in actin and tubulin folding",750,0.1936678830274,1.5797067816201,0,0,0.0470946068870276
"COPI_dependent Golgi_to_ER retrograde traffic",250,0.108648619959617,0.389890785838822,0,0,0.0398872128714144
"COPII Coat Protein 2 Mediated Vesicle Transport",200,0.245876304164422,1.17118780375828,0,0,0.0902907066577304
"COPI_independent Golgi_to_ER retrograde traffic",400,0.0585353138167231,0.279896513878163,0,0,0.0189516887452521
"COPI_mediated anterograde transport",200,0.137878412807455,0.62068524219885,0,0,0.0533487962200246
"Costimulation by the CD28 family",1350,0.000054589832295894,0.000133575013654623,0,0,0.0000116785627603201
"Creation of C4 and C2 activators",100,0,0,0,0,0
"CREB phosphorylation through the activation of CaMKII",100,0,0,0,0,0
"CREB phosphorylation through the activation of Ras",800,0.00796213820605535,0.0182811247367042,0,0,0.00207148368913084
"CRMPs in Sema3A signaling",300,0.158671709160566,0.520561834931512,0,0,0.053704551819771
"Cross_presentation of soluble exogenous antigens endosomes",650,0.0250408464121604,0.0712660036848255,0,0,0.00696713821432946
"CTLA4 inhibitory signaling",100,0,0,0,0,0
"Cyclin A:Cdk2_associated events at S phase entry",350,0.0444382751925372,0.238468379378814,0,0,0.0151403529970784
"Cyclin AslashB1 associated events during G2slashM transition",350,0.0712817261211173,0.35117823999928,0,0,0.0239653756475676
"Cyclin D associated events in G1",100,0.526584597174611,1.67576254376583,0,0,0.204690635150937
"Cyclin E associated events during G1slashS transition",350,0.0456811336129544,0.243518585269058,0,0,0.0155542051584998
"Cytochrome P450 _ arranged by substrate type",150,0.391243966280447,1.33286146285713,0,0,0.145537963452742
"Cytosolic sensors of pathogen_associated DNA",100,0.397561348918136,1.59705422371429,0,0,0.164021641217306
"Cytosolic sulfonation of small molecules",450,0.0563098633968081,0.22136120006144,0,0,0.0175418735224042
"Cytosolic tRNA aminoacylation",1500,0.000016623010188008,0.000016623010188008,0,0,0.00000341123103559663
"DAG and IP3 signaling",450,0.0563098633968081,0.233826832604583,0,0,0.0175418735224042
"DARPP_32 events",100,0,0,0,0,0
"Deactivation of the beta_catenin transactivating complex",200,0.24503830170781,0.931823629570427,0,0,0.0900191447400032
"Deadenylation_dependent mRNA decay",1350,0.000054589832295894,0.000133575013654623,0,0,0.0000116785627603201
"Deadenylation of mRNA",100,0,0,0,0,0
"Death Receptor Signalling",200,0.172399827828481,0.712659250646753,0,0,0.0655937853687154
"Dectin_1 mediated noncanonical NF_kB signaling",650,0.0284745759093243,0.0818326648967227,0,0,0.00790897834664147
"Defective B3GALT6 causes EDSP2 and SEMDJL1",350,0.0712817261211173,0.35117823999928,0,0,0.0239653756475676
"Defective B3GALTL causes Peters_plus syndrome PpS",850,0.294685441479952,2.17138239905854,0,0,0.0651859902521802
"Defective B3GAT3 causes JDSSDHD",350,0.0712817261211173,0.35117823999928,0,0,0.0239653756475676
"Defective B4GALT7 causes EDS progeroid type",350,0.0712817261211173,0.35117823999928,0,0,0.0239653756475676
"Defective C1GALT1C1 causes Tn polyagglutination syndrome TNPS",100,0,0,0,0,0
"Defective GALNT12 causes colorectal cancer 1 CRCS1",100,0,0,0,0,0
"Defective GALNT3 causes familial hyperphosphatemic tumoral calcinosis HFTC",100,0,0,0,0,0
"Defects in vitamin and cofactor metabolism",300,0.158671709160566,0.520561834931512,0,0,0.053704551819771
"Defensins",100,0.604736065499167,1.9375975283563,0,0,0.226890713228622
"Degradation of AXIN",650,0.0284745759093243,0.0818326648967227,0,0,0.00790897834664147
"Degradation of beta_catenin by the destruction complex",200,0.132195392363549,0.504640884231239,0,0,0.0512921559473587
"Degradation of DVL",350,0.0515060625953278,0.268631250263493,0,0,0.0174869745489022
"Degradation of GLI1 by the proteasome",650,0.0284745759093243,0.0818326648967227,0,0,0.00790897834664147
"Degradation of GLI2 by the proteasome",650,0.0284745759093243,0.0818326648967227,0,0,0.00790897834664147
"Depolymerisation of the Nuclear Lamina",150,0.391243966280447,1.33286146285713,0,0,0.145537963452742
"Deposition of new CENPA_containing nucleosomes at the centromere",1050,0.000862341850469868,0.00205150238787035,0,0,0.000203277088934648
"Detoxification of Reactive Oxygen Species",900,0.284120874651301,2.17283704643902,0,0,0.0618310850501246
"Digestion of dietary lipid",200,0.346409276021076,1.10072124007518,0,0,0.121272213073303
"Disassembly of the destruction complex and recruitment of AXIN to the membrane",700,0.0184254950519611,0.0533580889873984,0,0,0.00500768753760438
"Diseases associated with glycosaminoglycan metabolism",350,0.0712817261211173,0.35117823999928,0,0,0.0239653756475676
"Diseases associated with O_glycosylation of proteins",300,0.158671709160566,0.509849949159847,0,0,0.053704551819771
"Diseases associated with the TLR signaling cascade",950,0.752083235759738,10.093062546537,0.0344827586206897,950,0.129492814467157
"Diseases of glycosylation",300,0.158671709160566,0.512528571597891,0,0,0.053704551819771
"Diseases of Immune System",950,0.752083235759738,10.093062546537,0.0344827586206897,950,0.129492814467157
"Diseases of metabolism",200,0.245277938909863,1.66553896875543,0,0,0.0900968244753172
"Disorders of transmembrane transporters",100,0,0,0,0,0
"DNA Damage Bypass",100,0.525976144350209,2.35065502880017,0,0,0.20451089865878
"DNA Damage Recognition in GG_NER",650,0.0284745759093243,0.0818326648967227,0,0,0.00790897834664147
"DNA DamageslashTelomere Stress Induced Senescence",150,0.315205588716467,1.08785506242769,0,0,0.121524562273943
"DNA Double Strand Break Response",650,0.0276661934445153,0.0810242824319136,0,0,0.00768753751249499
"DNA methylation",1050,0.000862341850469868,0.00205150238787035,0,0,0.000203277088934648
"DNA Replication Pre_Initiation",650,0.0284745759093243,0.0818326648967227,0,0,0.00790897834664147
"DNA strand elongation",750,0.0166514691987331,0.0349325939354373,0,0,0.00441703934786319
"Dopamine Neurotransmitter Release Cycle",700,0.0184254950519611,0.0533580889873984,0,0,0.00500768753760438
"Downregulation of SMAD2slash3:SMAD4 transcriptional activity",650,0.0284745759093243,0.0818326648967227,0,0,0.00790897834664147
"Downregulation of TGF_beta receptor signaling",500,0.0379605494643854,0.165051336664632,0,0,0.01151059837972
"Downstream TCR signaling",650,0.0284745759093243,0.0854281992892744,0,0,0.00790897834664147
"Dual Incision in GG_NER",650,0.0284745759093243,0.0818326648967227,0,0,0.00790897834664147
"Dual incision in TC_NER",350,0.0505368622926116,0.265222409043022,0,0,0.0171661645171535
"E2F mediated regulation of DNA replication",1350,0.000054589832295894,0.000133575013654623,0,0,0.0000116785627603201
"ECM proteoglycans",300,0.158671709160566,0.651125276660929,0,0,0.053704551819771
"Effects of PIP2 hydrolysis",450,0.0563098633968081,0.233826832604583,0,0,0.0175418735224042
"EGFR downregulation",500,0.0379605494643854,0.165051336664632,0,0,0.01151059837972
"EGFR interacts with phospholipase C_gamma",450,0.0563098633968081,0.233826832604583,0,0,0.0175418735224042
"Eicosanoid ligand_binding receptors",950,0.000942300023349718,0.003652314065845,0,0,0.000230722302361605
"Elastic fibre formation",500,0.0379605494643854,0.165051336664632,0,0,0.01151059837972
"Elevation of cytosolic Ca2+ levels",450,0.0563098633968081,0.22136120006144,0,0,0.0175418735224042
"Elongation arrest and recovery",650,0.0284745759093243,0.10247801308915,0,0,0.00790897834664147
"Endogenous sterols",150,0.391243966280447,1.33286146285713,0,0,0.145537963452742
"Endosomal Sorting Complex Required For Transport ESCRT",650,0.0284745759093243,0.0818326648967227,0,0,0.00790897834664147
"Energy dependent regulation of mTOR by LKB1_AMPK",1050,0.000862341850469868,0.00271001404249529,0,0,0.000203277088934648
"eNOS activation and regulation",1350,0.0301630240196178,0.0385253947919282,0,0,0.0063566897986044
"EPHA_mediated growth cone collapse",350,0.0712817261211173,0.35117823999928,0,0,0.0239653756475676
"EPHB_mediated forward signaling",350,0.0712817261211173,0.35117823999928,0,0,0.0239653756475676
"EPH_ephrin mediated repulsion of cells",250,0.16233318234454,0.644659285199685,0,0,0.0580527085598889
"EPH_Ephrin signaling",250,0.09609135693542,0.509650280319975,0,0,0.0354955624861942
"Ephrin signaling",100,0,0,0,0,0
"ERBB2 Regulates Cell Motility",100,0,0,0,0,0
"ERCC6 CSB and EHMT2 G9a positively regulate rRNA expression",1050,0.000862341850469868,0.00205150238787035,0,0,0.000203277088934648
"ERKslashMAPK targets",400,0.0585353138167231,0.279896513878163,0,0,0.0189516887452521
"ER_Phagosome pathway",650,0.0284745759093243,0.0818326648967227,0,0,0.00790897834664147
"Eukaryotic Translation Elongation",900,0.001114740705552,0.00507060855839221,0,0,0.000278529903234709
"Eukaryotic Translation Termination",900,0.001114740705552,0.00507060855839221,0,0,0.000278529903234709
"Export of Viral Ribonucleoproteins from Nucleus",350,0.0712817261211173,0.35117823999928,0,0,0.0239653756475676
"Extension of Telomeres",750,0.0166514691987331,0.0349325939354373,0,0,0.00441703934786319
"Fanconi Anemia Pathway",650,0.0284745759093243,0.0818326648967227,0,0,0.00790897834664147
"Fatty acids",100,0,0,0,0,0
"Fatty Acyl_CoA Biosynthesis",250,1.50545785691529,17.7385383356722,0.310344827586207,200,0.301450013453343
"FCERI mediated Ca+2 mobilization",450,0.0563098633968081,0.22136120006144,0,0,0.0175418735224042
"FCGR activation",100,0,0,0,0,0
"Fertilization",100,0,0,0,0,0
"FGFR1 ligand binding and activation",100,0,0,0,0,0
"FGFR1 mutant receptor activation",650,0.0284745759093243,0.0818326648967227,0,0,0.00790897834664147
"FGFR2 alternative splicing",750,0.0166514691987331,0.0349325939354373,0,0,0.00441703934786319
"FGFR2 ligand binding and activation",100,0,0,0,0,0
"FGFR2 mutant receptor activation",100,0,0,0,0,0
"Formation of a pool of free 40S subunits",900,0.001114740705552,0.00507060855839221,0,0,0.000278529903234709
"Formation of ATP by chemiosmotic coupling",100,0,0,0,0,0
"Formation of Fibrin Clot Clotting Cascade",600,0.499905011283966,4.17418191333652,0,0,0.114049251720615
"Formation of HIV_1 elongation complex containing HIV_1 Tat",350,0.0712817261211173,0.35117823999928,0,0,0.0239653756475676
"Formation of HIV elongation complex in the absence of HIV Tat",350,0.0712817261211173,0.35117823999928,0,0,0.0239653756475676
"Formation of Incision Complex in GG_NER",350,0.0712817261211173,0.35117823999928,0,0,0.0239653756475676
"Formation of RNA Pol II elongation complex",350,0.0712817261211173,0.35117823999928,0,0,0.0239653756475676
"Formation of Senescence_Associated Heterochromatin Foci SAHF",150,0.391243966280447,1.33286146285713,0,0,0.145537963452742
"Formation of TC_NER Pre_Incision Complex",350,0.0515060625953278,0.268631250263493,0,0,0.0174869745489022
"Formation of the beta_catenin:TCF transactivating complex",200,0.18865718933857,0.808191966849239,0,0,0.0712156013449118
"Formation of the Early Elongation Complex",350,0.0712817261211173,0.35117823999928,0,0,0.0239653756475676
"Formation of the HIV_1 Early Elongation Complex",350,0.0712817261211173,0.35117823999928,0,0,0.0239653756475676
"Formation of the ternary complex and subsequently the 43S complex",100,0,0,0,0,0
"Formation of tubulin folding intermediates by CCTslashTriC",750,0.399772689962073,4.41544497396117,0,0,0.088141667751682
"G0 and Early G1",1500,0.000016623010188008,0.000016623010188008,0,0,0.00000341123103559663
"G1 Phase",100,0.526584597174611,1.67576254376583,0,0,0.204690635150937
"G1slashS DNA Damage Checkpoints",650,0.0284745759093243,0.0818326648967227,0,0,0.00790897834664147
"G1slashS_Specific Transcription",1350,0.000054589832295894,0.000133575013654623,0,0,0.0000116785627603201
"G2slashM DNA damage checkpoint",450,0.0357336211203488,0.147996274414476,0,0,0.0112461101793959
"GABA B receptor activation",1350,0.0301630240196178,0.163564679604304,0,0,0.0063566897986044
"GABA receptor activation",1350,0.0301630240196178,0.163564679604304,0,0,0.0063566897986044
"GABA synthesis release reuptake and degradation",100,0,0,0,0,0
"G alpha 12slash13 signalling events",250,0.108648619959617,0.583412961008406,0,0,0.0398872128714144
"G alpha z signalling events",650,0.0284745759093243,0.127090787200246,0,0,0.00790897834664147
"Gamma carboxylation hypusine formation and arylsulfatase activation",500,0.0379605494643854,0.167729959102676,0,0,0.01151059837972
"Gap_filling DNA repair synthesis and ligation in GG_NER",650,0.0284745759093243,0.0818326648967227,0,0,0.00790897834664147
"Gap_filling DNA repair synthesis and ligation in TC_NER",350,0.0505368622926116,0.265222409043022,0,0,0.0171661645171535
"Gap junction assembly",850,0.194048312766379,1.14912471689498,0,0,0.0450473685269825
"Gap junction trafficking",400,0.0585353138167231,0.279896513878163,0,0,0.0189516887452521
"Gap junction trafficking and regulation",400,0.0585353138167231,0.279896513878163,0,0,0.0189516887452521
"G beta:gamma signalling through PI3Kgamma",200,0.18865718933857,0.808191966849239,0,0,0.0712156013449118
"G beta:gamma signalling through PLC beta",1050,0.000862341850469868,0.00205150238787035,0,0,0.000203277088934648
"Generation of second messenger molecules",650,0.0284745759093243,0.10247801308915,0,0,0.00790897834664147
"GLI3 is processed to GLI3R by the proteasome",650,0.0284745759093243,0.0818326648967227,0,0,0.00790897834664147
"Global Genome Nucleotide Excision Repair GG_NER",350,0.0443143231741024,0.216008091839225,0,0,0.0150990507249926
"Glucagon_like Peptide_1 GLP1 regulates insulin secretion",450,0.0563098633968081,0.22136120006144,0,0,0.0175418735224042
"Glucagon signaling in metabolic regulation",650,0.0284745759093243,0.127090787200246,0,0,0.00790897834664147
"Glucagon_type ligand receptors",1050,0.000862341850469868,0.00205150238787035,0,0,0.000203277088934648
"Gluconeogenesis",100,0,0,0,0,0
"Glucose metabolism",500,0.0379605494643854,0.197484156769581,0,0,0.01151059837972
"Glucose transport",350,0.0712817261211173,0.35117823999928,0,0,0.0239653756475676
"Glucuronidation",100,0,0,0,0,0
"Glutamate Binding Activation of AMPA Receptors and Synaptic Plasticity",800,0.00796213820605535,0.0182811247367042,0,0,0.00207148368913084
"Glutamate Neurotransmitter Release Cycle",100,0,0,0,0,0
"Glutathione conjugation",200,2.97905879492297,27.7544291101957,0.551724137931034,100,0.393154670303521
"Glycogen breakdown glycogenolysis",650,0.0284745759093243,0.0818326648967227,0,0,0.00790897834664147
"Glycogen synthesis",650,0.0284745759093243,0.0818326648967227,0,0,0.00790897834664147
"Glycolysis",450,0.0563098633968081,0.22136120006144,0,0,0.0175418735224042
"Glycosphingolipid metabolism",950,0.752083235759738,7.90327154056297,0.0344827586206897,950,0.129492814467157
"Glyoxylate metabolism and glycine degradation",100,0,0,0,0,0
"Golgi Associated Vesicle Biogenesis",150,0.391243966280447,1.42316859138082,0,0,0.145537963452742
"G_protein activation",1050,0.000862341850469868,0.00205150238787035,0,0,0.000203277088934648
"G_protein beta:gamma signalling",200,0.18865718933857,0.808191966849239,0,0,0.0712156013449118
"G protein gated Potassium channels",1050,0.000862341850469868,0.00205150238787035,0,0,0.000203277088934648
"G_protein mediated events",450,0.0563098633968081,0.22136120006144,0,0,0.0175418735224042
"GPVI_mediated activation cascade",200,0.169030031885391,0.671311010805418,0,0,0.0644170262529976
"GRB2 events in ERBB2 signaling",100,0,0,0,0,0
"GRB2:SOS provides linkage to MAPK signaling for Integrins",100,0,0,0,0,0
"Growth hormone receptor signaling",100,0.604736065499167,3.46287100188411,0,0,0.226890713228622
"HDACs deacetylate histones",750,0.0130912291601956,0.0258984826740514,0,0,0.00347880683773424
"HDL_mediated lipid transport",100,0.618428503173025,1.95128996603015,0,0,0.230604759913029
"HDMs demethylate histones",250,0.185891243252413,0.69574119241226,0,0,0.0657214173351179
"HDR through Homologous Recombination HRR",100,0.507149054901901,1.63923039498071,0,0,0.198894999279857
"HDR through Single Strand Annealing SSA",450,0.0563098633968081,0.257835092465498,0,0,0.0175418735224042
"Hedgehog ligand biogenesis",650,0.0284745759093243,0.0818326648967227,0,0,0.00790897834664147
"Hedgehog  off  state",100,0.382325428374813,1.16187890718151,0,0,0.158863506957581
"Hedgehog  on  state",650,0.0284745759093243,0.0818326648967227,0,0,0.00790897834664147
"Heparan sulfateslashheparin HS_GAG metabolism",350,0.0712817261211173,0.557935331964066,0,0,0.0239653756475676
"Hexose transport",350,0.0712817261211173,0.35117823999928,0,0,0.0239653756475676
"Hh mutants abrogate ligand secretion",650,0.0284745759093243,0.0818326648967227,0,0,0.00790897834664147
"Hh mutants that don t undergo autocatalytic processing are degraded by ERAD",650,0.0284745759093243,0.0818326648967227,0,0,0.00790897834664147
"Histidine lysine phenylalanine tyrosine proline and tryptophan catabolism",200,0.245876304164422,0.941617496576681,0,0,0.0902907066577304
"HIV elongation arrest and recovery",650,0.0284745759093243,0.10247801308915,0,0,0.00790897834664147
"HIV Transcription Elongation",350,0.0712817261211173,0.35117823999928,0,0,0.0239653756475676
"HIV Transcription Initiation",350,0.0712817261211173,0.35117823999928,0,0,0.0239653756475676
"Homologous DNA Pairing and Strand Exchange",450,0.0563098633968081,0.22136120006144,0,0,0.0175418735224042
"Hormone_sensitive lipase HSL_mediated triacylglycerol hydrolysis",100,0.611044813206919,7.08254919511276,0,0,0.228608267311223
"Host Interactions with Influenza Factors",350,0.0712817261211173,0.35117823999928,0,0,0.0239653756475676
"HSF1 activation",1500,0.274522398589394,1.03256432740798,0,0,0.0492644855025389
"HSF1_dependent transactivation",350,0.0712817261211173,0.37259857719274,0,0,0.0239653756475676
"HS_GAG biosynthesis",350,0.0712817261211173,0.35117823999928,0,0,0.0239653756475676
"HS_GAG degradation",1300,0.148917153292789,1.06285633573922,0,0,0.030041898505645
"Hyaluronan metabolism",250,0.185891243252413,0.69574119241226,0,0,0.0657214173351179
"IKK complex recruitment mediated by RIP1",950,0.105023357720232,0.302875931969381,0,0,0.0244222075608116
"IL_6_type cytokine receptor ligand interactions",100,0,0,0,0,0
"Inactivation of APCslashC via direct inhibition of the APCslashC complex",100,0,0,0,0,0
"Inactivation recovery and regulation of the phototransduction cascade",100,0,0,0,0,0
"Incretin synthesis secretion and inactivation",100,0,0,0,0,0
"Inflammasomes",350,1.01587132854607,13.9065286949497,0.172413793103448,350,0.222205248849849
"Inhibition of the proteolytic activity of APCslashC required for the onset of anaphase by mitotic spindle checkpoint components",100,0,0,0,0,0
"Inhibition  of voltage gated Ca2+ channels via Gbetaslashgamma subunits",1050,0.000862341850469868,0.00205150238787035,0,0,0.000203277088934648
"Initial triggering of complement",100,0,0,0,0,0
"Inositol phosphate metabolism",650,0.0284745759093243,0.10247801308915,0,0,0.00790897834664147
"Insulin processing",250,0.185891243252413,0.69574119241226,0,0,0.0657214173351179
"Insulin receptor recycling",650,0.0284745759093243,0.134010106906858,0,0,0.00790897834664147
"Integrin alphaIIb beta3 signaling",1050,0.000862341850469868,0.00271001404249529,0,0,0.000203277088934648
"Integrin cell surface interactions",300,0.478437250964143,5.92886624538776,0,0,0.139180738515585
"Interaction between L1 and Ankyrins",100,0,0,0,0,0
"Interactions of Rev with host cellular proteins",350,0.0712817261211173,0.35117823999928,0,0,0.0239653756475676
"Interactions of Vpr with host cellular proteins",350,0.0712817261211173,0.35117823999928,0,0,0.0239653756475676
"Interferon alphaslashbeta signaling",1500,0.686927995596252,1.8962681260988,0,0,0.101966430536369
"Interferon gamma signaling",100,0.357294735222597,1.62382589162646,0,0,0.150216859738523
"Interleukin_1 signaling",100,0.660312321630782,6.21432349004979,0,0,0.241655032077252
"Interleukin_6 family signaling",1250,0.000117583616180589,0.000336970547233135,0,0,0.0000259234537623683
"Intraflagellar transport",100,0.917439617866006,2.50121902758442,0.0344827586206897,100,0.300229645255002
"Intra_Golgi traffic",650,0.0284745759093243,0.0818326648967227,0,0,0.00790897834664147
"Intrinsic Pathway for Apoptosis",100,0,0,0,0,0
"Intrinsic Pathway of Fibrin Clot Formation",650,0.0284745759093243,0.10247801308915,0,0,0.00790897834664147
"Inwardly rectifying K+ channels",1050,0.000862341850469868,0.00205150238787035,0,0,0.000203277088934648
"Ion homeostasis",1150,0.589138768455103,5.54445293490809,0,0,0.101384281014336
"Ion transport by P_type ATPases",1500,0.274522398589394,1.82608603229638,0,0,0.0492644855025389
"IRE1alpha activates chaperones",650,0.0284745759093243,0.118880734214397,0,0,0.00790897834664147
"Iron uptake and transport",950,0.143870527382466,0.339338182053745,0,0,0.0328254142626804
"ISG15 antiviral mechanism",100,0.382325428374813,1.26505068953377,0,0,0.158863506957581
"JNK c_Jun kinases phosphorylation and  activation mediated by activated human TAK1",100,0,0,0,0,0
"Keratan sulfate biosynthesis",1150,0.365328098465978,3.12398041436171,0,0,0.0696924568322343
"Keratan sulfateslashkeratin metabolism",950,0.704708718890063,7.36923715533174,0.0344827586206897,950,0.12389069934541
"Kinesins",250,0.185891243252413,0.69574119241226,0,0,0.0657214173351179
"KSRP KHSRP binds and destabilizes mRNA",400,0.0585353138167231,0.279896513878163,0,0,0.0189516887452521
"L1CAM interactions",500,0.0323442737153074,0.138242665574271,0,0,0.00983501957071487
"Lagging Strand Synthesis",750,0.0166514691987331,0.0349325939354373,0,0,0.00441703934786319
"Laminin interactions",1100,0.000387562212356834,0.00118916053740048,0,0,0.0000897662267727572
"Ligand_dependent caspase activation",1250,0.459593012141724,2.1300581018192,0,0,0.0812383690798854
"Ligand_gated ion channel transport",100,0,0,0,0,0
"Lipid digestion mobilization and transport",100,0.917439617866006,9.11211209912879,0.0689655172413793,100,0.300229645255002
"Lipoprotein metabolism",100,0.604736065499167,1.94396298657303,0,0,0.226890713228622
"Loss of Nlp from mitotic centrosomes",750,0.430583913531065,3.26972757202407,0,0,0.0935830093533508
"Loss of proteins required for interphase microtubule organizationÂ from the centrosome",750,0.430583913531065,3.26972757202407,0,0,0.0935830093533508
"Lysosome Vesicle Biogenesis",650,0.0284745759093243,0.127090787200246,0,0,0.00790897834664147
"Macroautophagy",700,0.0184254950519611,0.0638976099960607,0,0,0.00500768753760438
"MAP2K and MAPK activation",500,0.0379605494643854,0.165051336664632,0,0,0.01151059837972
"MAP3K8 TPL2_dependent MAPK1slash3 activation",500,0.0379605494643854,0.165051336664632,0,0,0.01151059837972
"MAPK6slashMAPK4 signaling",100,0.35056316550322,1.07416455793712,0,0,0.147854327288555
"MAP kinase activation in TLR cascade",450,0.0563098633968081,0.26060923852646,0,0,0.0175418735224042
"MAPK targetsslash Nuclear events mediated by MAP kinases",400,0.0585353138167231,0.279896513878163,0,0,0.0189516887452521
"Meiosis",150,0.265336543149798,0.933576565866392,0,0,0.104754575450632
"Meiotic recombination",450,0.0563098633968081,0.22136120006144,0,0,0.0175418735224042
"Meiotic synapsis",150,0.333408055879153,1.14788229959019,0,0,0.127440333548107
"Metabolism of Angiotensinogen to Angiotensins",100,0,0,0,0,0
"Metabolism of fat_soluble vitamins",1500,0.379054112134818,0.955175848955131,0,0,0.0647429728651848
"Metabolism of folate and pterines",100,0,0,0,0,0
"Metabolism of nitric oxide",1350,0.0301630240196178,0.0385253947919282,0,0,0.0063566897986044
"Metabolism of non_coding RNA",350,0.0712817261211173,0.35117823999928,0,0,0.0239653756475676
"Metabolism of nucleotides",250,0.09609135693542,0.509650280319975,0,0,0.0354955624861942
"Metabolism of polyamines",100,0.382325428374813,1.14837307317315,0,0,0.158863506957581
"Metabolism of porphyrins",350,0.0712817261211173,0.35117823999928,0,0,0.0239653756475676
"Metabolism of steroid hormones",100,0,0,0,0,0
"Metabolism of water_soluble vitamins and cofactors",100,0.444861973430354,1.52313651720804,0,0,0.179543633543277
"Metal ion SLC transporters",200,0.245876304164422,0.941617496576681,0,0,0.0902907066577304
"MicroRNA miRNA biogenesis",650,0.0284745759093243,0.10247801308915,0,0,0.00790897834664147
"Miscellaneous transport and binding events",100,0,0,0,0,0
"Mismatch Repair",850,0.00532948424170862,0.0103189865306489,0,0,0.00135751254958792
"Misspliced GSK3beta mutants stabilize beta_catenin",100,0,0,0,0,0
"Mitochondrial biogenesis",400,0.0585353138167231,0.279896513878163,0,0,0.0189516887452521
"Mitochondrial Fatty Acid Beta_Oxidation",100,0,0,0,0,0
"Mitochondrial protein import",650,0.0247051949428039,0.0983595755791878,0,0,0.00687489849669391
"Mitochondrial translation",150,0.221414211288288,0.652246381933201,0,0,0.0892755540631439
"Mitochondrial translation elongation",150,0.229375976049327,0.672680889640302,0,0,0.0921321080024169
"Mitochondrial translation initiation",150,0.229375976049327,0.672680889640302,0,0,0.0921321080024169
"Mitochondrial translation termination",150,0.229375976049327,0.672680889640302,0,0,0.0921321080024169
"Mitochondrial tRNA aminoacylation",100,0,0,0,0,0
"Mitophagy",650,0.0284745759093243,0.0818326648967227,0,0,0.00790897834664147
"Mitotic Spindle Checkpoint",100,0,0,0,0,0
"Molecules associated with elastic fibres",1100,0.000387562212356834,0.00118916053740048,0,0,0.0000897662267727572
"mRNA 3 _end processing",100,0,0,0,0,0
"mRNA Capping",350,0.0712817261211173,0.35117823999928,0,0,0.0239653756475676
"mRNA decay by 5  to 3  exoribonuclease",1350,0.000054589832295894,0.000133575013654623,0,0,0.0000116785627603201
"mRNA Splicing _ Minor Pathway",1250,0.000117583616180589,0.000336970547233135,0,0,0.0000259234537623683
"MslashG1 Transition",650,0.0284745759093243,0.0818326648967227,0,0,0.00790897834664147
"mTORC1_mediated signalling",1400,0.0000354310766095652,0.0000789851813587289,0,0,0.00000747216554178257
"mTOR signalling",1050,0.000862341850469868,0.00271001404249529,0,0,0.000203277088934648
"MyD88 cascade initiated on plasma membrane",950,0.17531991042501,0.76890189259112,0,0,0.0393932711577452
"MyD88 dependent cascade initiated on endosome",300,0.0623806833852743,0.413355955153985,0,0,0.0221353287959649
"MyD88_independent TLR3slashTLR4 cascade",950,0.105023357720232,0.365692196148256,0,0,0.0244222075608116
"MyD88:Mal cascade initiated on plasma membrane",950,0.752083235759738,7.31562207381816,0.0344827586206897,950,0.129492814467157
"Myogenesis",400,0.0585353138167231,0.279896513878163,0,0,0.0189516887452521
"Na+slashCl_ dependent neurotransmitter transporters",700,0.0184254950519611,0.0533580889873984,0,0,0.00500768753760438
"NCAM1 interactions",650,0.0284745759093243,0.127090787200246,0,0,0.00790897834664147
"Nef_mediates down modulation of cell surface receptors by recruiting them to clathrin adapters",100,0,0,0,0,0
"Negative epigenetic regulation of rRNA expression",450,0.0563098633968081,0.308512668205845,0,0,0.0175418735224042
"Negative regulation of FGFR1 signaling",100,0.604736065499167,1.9375975283563,0,0,0.226890713228622
"Negative regulation of FGFR2 signaling",100,0.604736065499167,1.9375975283563,0,0,0.226890713228622
"Negative regulation of FGFR3 signaling",100,0.604736065499167,1.9375975283563,0,0,0.226890713228622
"Negative regulation of FGFR4 signaling",100,0.604736065499167,1.9375975283563,0,0,0.226890713228622
"Negative regulation of MAPK pathway",500,0.0379605494643854,0.165051336664632,0,0,0.01151059837972
"Negative regulation of TCF_dependent signaling by WNT ligand antagonists",1450,0.0000269310945611556,0.0000435541047491637,0,0,0.00000560136592783792
"Negative regulation of the PI3KslashAKT network",100,0.660312321630782,1.99317378448791,0,0,0.241655032077252
"Negative regulators of RIG_IslashMDA5 signaling",100,0.525976144350209,1.66783719378144,0,0,0.20451089865878
"Nephrin interactions",350,0.0712817261211173,0.35117823999928,0,0,0.0239653756475676
"NEPslashNS2 Interacts with the Cellular Export Machinery",350,0.0712817261211173,0.35117823999928,0,0,0.0239653756475676
"Netrin_1 signaling",100,0.604736065499167,1.9375975283563,0,0,0.226890713228622
"Neurotransmitter Release Cycle",700,0.0184254950519611,0.0533580889873984,0,0,0.00500768753760438
"N_Glycan antennae elongation",1150,0.589138768455103,5.72578552626939,0,0,0.101384281014336
"N_glycan antennae elongation in the medialslashtrans_Golgi",1150,0.589138768455103,5.84773722166352,0,0,0.101384281014336
"N_glycan trimming in the ER and CalnexinslashCalreticulin cycle",100,0,0,0,0,0
"NIK__>noncanonical NF_kB signaling",650,0.0284745759093243,0.0818326648967227,0,0,0.00790897834664147
"Nitric oxide stimulates guanylate cyclase",450,0.0563098633968081,0.224039822499484,0,0,0.0175418735224042
"NOD1slash2 Signaling Pathway",600,0.455966024416541,2.28991864717142,0,0,0.106150374589974
"Nonhomologous End_Joining NHEJ",100,0.507149054901901,1.63923039498071,0,0,0.198894999279857
"Non_integrin membrane_ECM interactions",350,0.527536151523253,3.82267861640046,0,0,0.142796053892757
"Nonsense Mediated Decay NMD independent of the Exon Junction Complex EJC",900,0.001114740705552,0.00507060855839221,0,0,0.000278529903234709
"NoRC negatively regulates rRNA expression",450,0.0563098633968081,0.313930701575832,0,0,0.0175418735224042
"Norepinephrine Neurotransmitter Release Cycle",700,0.0184254950519611,0.0533580889873984,0,0,0.00500768753760438
"NOTCH1 Intracellular Domain Regulates Transcription",200,0.175708252974244,0.751709132498766,0,0,0.0667452619678917
"NOTCH2 Activation and Transmission of Signal to the Nucleus",250,0.185891243252413,0.69574119241226,0,0,0.0657214173351179
"NRAGE signals death through JNK",1100,0.372871572258422,3.58437014368448,0,0,0.0721040935620221
"NRIF signals cell death from the nucleus",250,0.185891243252413,0.69574119241226,0,0,0.0657214173351179
"NS1 Mediated Effects on Host Pathways",350,0.0712817261211173,0.35117823999928,0,0,0.0239653756475676
"Nuclear Envelope Breakdown",150,0.323889373229566,1.1320813400788,0,0,0.124360211327394
"Nuclear Events kinase and transcription factor activation",400,0.0585353138167231,0.279896513878163,0,0,0.0189516887452521
"Nuclear import of Rev protein",350,0.0712817261211173,0.35117823999928,0,0,0.0239653756475676
"Nuclear Pore Complex NPC Disassembly",350,0.0712817261211173,0.35117823999928,0,0,0.0239653756475676
"Nuclear Receptor transcription pathway",700,0.0184254950519611,0.0533580889873984,0,0,0.00500768753760438
"Nuclear signaling by ERBB4",250,0.185891243252413,0.700055123199327,0,0,0.0657214173351179
"Nucleosome assembly",1050,0.000862341850469868,0.00205150238787035,0,0,0.000203277088934648
"Nucleotide_binding domain leucine rich repeat containing receptor NLR signaling pathways",600,0.753682599967877,11.22165671695,0.103448275862069,600,0.15346321476592
"Nucleotide_like purinergic receptors",100,0.604736065499167,1.9375975283563,0,0,0.226890713228622
"O_glycosylation of TSR domain_containing proteins",850,0.194048312766379,1.37907815217667,0,0,0.0450473685269825
"O_linked glycosylation of mucins",100,0.596449989910367,1.93157288431152,0,0,0.22461830737284
"Oncogene Induced Senescence",300,0.148304795339324,0.499798686166305,0,0,0.050449907302048
"Opioid Signalling",450,0.0377058623366771,0.190064934524474,0,0,0.0118551905127852
"Orc1 removal from chromatin",650,0.0284745759093243,0.0818326648967227,0,0,0.00790897834664147
"Other semaphorin interactions",1300,0.0000858119173979235,0.000219386931052546,0,0,0.0000186314798225708
"Oxidative Stress Induced Senescence",400,0.0585353138167231,0.324210837052265,0,0,0.0189516887452521
"Oxygen_dependent proline hydroxylation of Hypoxia_inducible Factor Alpha",650,0.0284745759093243,0.0818326648967227,0,0,0.00790897834664147
"p130Cas linkage to MAPK signaling for integrins",100,0,0,0,0,0
"p53_Dependent G1 DNA Damage Response",650,0.0284745759093243,0.0818326648967227,0,0,0.00790897834664147
"p53_Dependent G1slashS DNA damage checkpoint",650,0.0284745759093243,0.0818326648967227,0,0,0.00790897834664147
"p53_Independent DNA Damage Response",650,0.0284745759093243,0.0818326648967227,0,0,0.00790897834664147
"p53_Independent G1slashS DNA damage checkpoint",650,0.0284745759093243,0.0818326648967227,0,0,0.00790897834664147
"p75 NTR receptor_mediated signalling",950,0.752083235759738,6.74856756752126,0.0344827586206897,950,0.129492814467157
"p75NTR signals via NF_kB",950,0.0601833715441398,0.29351729693526,0,0,0.0143079817801362
"Packaging Of Telomere Ends",1050,0.000862341850469868,0.00205150238787035,0,0,0.000203277088934648
"Pausing and recovery of HIV elongation",650,0.0284745759093243,0.10247801308915,0,0,0.00790897834664147
"Pausing and recovery of Tat_mediated HIV elongation",650,0.0284745759093243,0.10247801308915,0,0,0.00790897834664147
"PCNA_Dependent Long Patch Base Excision Repair",750,0.0166514691987331,0.0349325939354373,0,0,0.00441703934786319
"PCPslashCE pathway",650,0.0284745759093243,0.0818326648967227,0,0,0.00790897834664147
"PD_1 signaling",1350,0.000054589832295894,0.000133575013654623,0,0,0.0000116785627603201
"Peptide chain elongation",900,0.001114740705552,0.00507060855839221,0,0,0.000278529903234709
"Peptide hormone metabolism",150,0.319415227399203,1.19921900346748,0,0,0.12290227531281
"PERK regulates gene expression",300,0.149715844610924,0.500894084610204,0,0,0.0508948858593281
"Peroxisomal lipid metabolism",500,0.0379605494643854,0.165051336664632,0,0,0.01151059837972
"Phase 0 _ rapid depolarisation",1200,0.000164543472387711,0.000501514019620846,0,0,0.0000368562255158149
"Phase 1 _ Functionalization of compounds",100,0.596449989910367,2.21619314806831,0,0,0.22461830737284
"Phase 1 _ inactivation of fast Na+ channels",1200,0.000164543472387711,0.000501514019620846,0,0,0.0000368562255158149
"Phase 2 _ plateau phase",1200,0.000164543472387711,0.000501514019620846,0,0,0.0000368562255158149
"Phase 4 _ resting membrane potential",100,0,0,0,0,0
"Phospholipase C_mediated cascade: FGFR1",450,0.0563098633968081,0.231635827348955,0,0,0.0175418735224042
"Phospholipase C_mediated cascade FGFR2",450,0.0563098633968081,0.224039822499484,0,0,0.0175418735224042
"Phospholipase C_mediated cascade FGFR3",450,0.0563098633968081,0.224039822499484,0,0,0.0175418735224042
"Phospholipase C_mediated cascade FGFR4",450,0.0563098633968081,0.224039822499484,0,0,0.0175418735224042
"Phosphorylation of CD3 and TCR zeta chains",250,0.185891243252413,0.69574119241226,0,0,0.0657214173351179
"Phosphorylation of the APCslashC",100,0,0,0,0,0
"phosphorylation site mutants of CTNNB1 are not targeted to the proteasome by the destruction complex",100,0,0,0,0,0
"PI3K Cascade",100,0.404328080397466,1.19680555623981,0,0,0.166287441876076
"PI3K events in ERBB2 signaling",100,0,0,0,0,0
"PI3KslashAKT Signaling in Cancer",100,0.660312321630782,1.99317378448791,0,0,0.241655032077252
"PI5P PP2A and IER3 Regulate PI3KslashAKT Signaling",100,0.660312321630782,1.99317378448791,0,0,0.241655032077252
"PI Metabolism",400,0.0420326392217805,0.225195106961983,0,0,0.0137205052267323
"PinkslashParkin Mediated Mitophagy",650,0.0284745759093243,0.0818326648967227,0,0,0.00790897834664147
"PIWI_interacting RNA piRNA biogenesis",500,0.0379605494643854,0.165051336664632,0,0,0.01151059837972
"PKA activation",650,0.0284745759093243,0.127090787200246,0,0,0.00790897834664147
"PKA activation in glucagon signalling",650,0.0284745759093243,0.127090787200246,0,0,0.00790897834664147
"PKA_mediated phosphorylation of CREB",650,0.0284745759093243,0.127090787200246,0,0,0.00790897834664147
"PKB_mediated events",1050,0.000862341850469868,0.00271001404249529,0,0,0.000203277088934648
"PKMTs methylate histone lysines",250,0.182805027554306,0.682798839384517,0,0,0.0647270343005457
"Platelet Aggregation Plug Formation",1050,0.000862341850469868,0.00271001404249529,0,0,0.000203277088934648
"Platelet calcium homeostasis",250,0.185891243252413,0.708206824955402,0,0,0.0657214173351179
"Platelet homeostasis",250,0.124983860911957,0.549996529058218,0,0,0.0455182236754896
"Platelet sensitization by LDL",400,0.0585353138167231,0.279896513878163,0,0,0.0189516887452521
"PLC beta mediated events",450,0.0563098633968081,0.22136120006144,0,0,0.0175418735224042
"PLC_gamma1 signalling",450,0.0563098633968081,0.233826832604583,0,0,0.0175418735224042
"Polo_like kinase mediated events",100,0,0,0,0,0
"Positive epigenetic regulation of rRNA expression",450,0.0377058623366771,0.131504078955926,0,0,0.0118551905127852
"Post_chaperonin tubulin folding pathway",950,0.752083235759738,8.80257121983803,0.0689655172413793,950,0.129492814467157
"Post_Elongation Processing of Intron_Containing pre_mRNA",100,0,0,0,0,0
"Post_Elongation Processing of Intronless pre_mRNA",100,0,0,0,0,0
"Post_Elongation Processing of the Transcript",100,0,0,0,0,0
"Post NMDA receptor activation events",650,0.0284745759093243,0.127090787200246,0,0,0.00790897834664147
"Post_translational modification: synthesis of GPI_anchored proteins",100,0,0,0,0,0
"Potassium Channels",200,0.188876548495143,0.815769890712068,0,0,0.0712908328366892
"PRC2 methylates histones and DNA",1050,0.000862341850469868,0.00205150238787035,0,0,0.000203277088934648
"Prefoldin mediated transfer of substrate  to CCTslashTriC",250,0.185891243252413,0.69574119241226,0,0,0.0657214173351179
"Pre_NOTCH Expression and Processing",500,0.032811984716263,0.159902771916509,0,0,0.00997491755315549
"Pre_NOTCH Processing in Golgi",500,0.0379605494643854,0.177516969207774,0,0,0.01151059837972
"Pre_NOTCH Transcription and Translation",650,0.0284745759093243,0.10247801308915,0,0,0.00790897834664147
"Presynaptic function of Kainate receptors",1050,0.000862341850469868,0.00205150238787035,0,0,0.000203277088934648
"Presynaptic phase of homologous DNA pairing and strand exchange",450,0.0563098633968081,0.22136120006144,0,0,0.0175418735224042
"Processing of Capped Intronless Pre_mRNA",100,0,0,0,0,0
"Processing of DNA double_strand break ends",450,0.0338450556839156,0.166706329356934,0,0,0.0106617441773407
"Processing of Intronless Pre_mRNAs",100,0,0,0,0,0
"Processive synthesis on the lagging strand",1100,0.000387562212356834,0.00118916053740048,0,0,0.0000897662267727572
"Prolactin receptor signaling",800,0.00796213820605535,0.0182811247367042,0,0,0.00207148368913084
"Prostacyclin signalling through prostacyclin receptor",1050,0.000862341850469868,0.00205150238787035,0,0,0.000203277088934648
"PTK6 Regulates RHO GTPases RAS GTPase and MAP kinases",350,0.0712817261211173,0.35117823999928,0,0,0.0239653756475676
"Purine metabolism",250,0.176703950006092,0.676186985344696,0,0,0.0627522054108728
"Pyrimidine metabolism",1350,0.000054589832295894,0.000133575013654623,0,0,0.0000116785627603201
"Pyruvate metabolism",650,0.0284745759093243,0.0818326648967227,0,0,0.00790897834664147
"Pyruvate metabolism and Citric Acid TCA cycle",300,0.116296039917259,0.467474279916539,0,0,0.0401853265661038
"RA biosynthesis pathway",1300,0.0000858119173979235,0.000219386931052546,0,0,0.0000186314798225708
"RAF activation",500,0.0379605494643854,0.165051336664632,0,0,0.01151059837972
"RAF_independent MAPK1slash3 activation",500,0.0379605494643854,0.165051336664632,0,0,0.01151059837972
"Rap1 signalling",100,0,0,0,0,0
"Ras activation uopn Ca2+ infux through NMDA receptor",100,0,0,0,0,0
"Recognition of DNA damage by PCNA_containing replication complex",650,0.0284745759093243,0.0818326648967227,0,0,0.00790897834664147
"Recruitment and ATM_mediated phosphorylation of repair and signaling proteins at DNA double strand breaks",650,0.0284745759093243,0.0818326648967227,0,0,0.00790897834664147
"Recruitment of mitotic centrosome proteins and complexes",750,0.399772689962073,2.51999543526806,0,0,0.088141667751682
"Recycling of bile acids and salts",100,0,0,0,0,0
"Recycling pathway of L1",800,0.00796213820605535,0.0182811247367042,0,0,0.00207148368913084
"Regulated Necrosis",1200,0.000164543472387711,0.000501514019620846,0,0,0.0000368562255158149
"Regulation of actin dynamics for phagocytic cup formation",400,0.0420326392217805,0.182627184014222,0,0,0.0137205052267323
"Regulation of activated PAK_2p34 by proteasome mediated degradation",650,0.0284745759093243,0.0818326648967227,0,0,0.00790897834664147
"Regulation of APCslashC activators between G1slashS and early anaphase",650,0.0284745759093243,0.0818326648967227,0,0,0.00790897834664147
"Regulation of Apoptosis",650,0.0284745759093243,0.0818326648967227,0,0,0.00790897834664147
"Regulation of beta_cell development",100,0,0,0,0,0
"Regulation of cholesterol biosynthesis by SREBP SREBF",100,0.443686427708107,1.5219609714858,0,0,0.179166700925166
"Regulation of Complement cascade",950,0.752083235759738,11.4233605468247,0.137931034482759,700,0.129492814467157
"Regulation of DNA replication",650,0.0284745759093243,0.0818326648967227,0,0,0.00790897834664147
"Regulation of FZD by ubiquitination",650,0.0284745759093243,0.0818326648967227,0,0,0.00790897834664147
"Regulation of gene expression in beta cells",100,0,0,0,0,0
"Regulation of Glucokinase by Glucokinase Regulatory Protein",350,0.0712817261211173,0.35117823999928,0,0,0.0239653756475676
"Regulation of HSF1_mediated heat shock response",350,0.0712817261211173,0.363643872542423,0,0,0.0239653756475676
"Regulation of Hypoxia_inducible Factor HIF by oxygen",650,0.0284745759093243,0.0818326648967227,0,0,0.00790897834664147
"Regulation of IFNA signaling",1050,0.000862341850469868,0.00271001404249529,0,0,0.000203277088934648
"Regulation of innate immune responses to cytosolic DNA",650,0.0284745759093243,0.0818326648967227,0,0,0.00790897834664147
"Regulation of Insulin_like Growth Factor IGF transport and uptake by Insulin_like Growth Factor Binding Proteins IGFBPs",100,0,0,0,0,0
"Regulation of insulin secretion",450,0.0563098633968081,0.22136120006144,0,0,0.0175418735224042
"Regulation of KIT signaling",100,0.604736065499167,1.9375975283563,0,0,0.226890713228622
"Regulation of mitotic cell cycle",650,0.0284745759093243,0.0815293809419104,0,0,0.00790897834664147
"Regulation of mRNA stability by proteins that bind AU_rich elements",100,0.35056316550322,1.17502950353164,0,0,0.147854327288555
"Regulation of ornithine decarboxylase ODC",650,0.0231908804248362,0.0610546940331743,0,0,0.00645836756994327
"Regulation of PLK1 Activity at G2slashM Transition",750,0.430583913531065,3.66433802122458,0,0,0.0935830093533508
"Regulation of RAS by GAPs",350,0.0473467757768336,0.252604928857865,0,0,0.0161080316478316
"Regulation of signaling by CBL",900,0.00133718822309524,0.00498950228894024,0,0,0.000334073646322069
"Regulation of TNFR1 signaling",650,0.0284745759093243,0.127090787200246,0,0,0.00790897834664147
"Regulation of TP53 Activity through Acetylation",100,0,0,0,0,0
"Regulation of TP53 Activity through Methylation",1200,0.519005693062865,2.54842241251003,0,0,0.090698657210002
"Regulation of TP53 Activity through Phosphorylation",100,0.382325428374813,1.5993321873669,0,0,0.158863506957581
"Regulation of TP53 Degradation",650,0.0284745759093243,0.0818326648967227,0,0,0.00790897834664147
"Regulation of TP53 Expression and Degradation",650,0.0284745759093243,0.0818326648967227,0,0,0.00790897834664147
"Removal of licensing factors from origins",650,0.0284745759093243,0.0818326648967227,0,0,0.00790897834664147
"Reproduction",100,0,0,0,0,0
"Resolution of Abasic Sites AP sites",750,0.0166514691987331,0.0349325939354373,0,0,0.00441703934786319
"Resolution of AP sites via the multiple_nucleotide patch replacement pathway",750,0.0166514691987331,0.0349325939354373,0,0,0.00441703934786319
"Resolution of D_Loop Structures",100,0.604736065499167,1.94787215564381,0,0,0.226890713228622
"Resolution of D_loop Structures through Holliday Junction Intermediates",100,0.604736065499167,1.95006316089944,0,0,0.226890713228622
"Resolution of D_loop Structures through Synthesis_Dependent Strand Annealing SDSA",450,0.0563098633968081,0.22136120006144,0,0,0.0175418735224042
"Resolution of Sister Chromatid Cohesion",500,0.0250088053045928,0.112262653294127,0,0,0.00763231057148188
"Respiratory electron transport",1200,0.000164543472387711,0.000501514019620846,0,0,0.0000368562255158149
"Retinoid metabolism and transport",1500,0.379054112134818,1.07486182727274,0,0,0.0647429728651848
"Retrograde transport at the Trans_Golgi_Network",150,0.302314860533291,1.17045588077403,0,0,0.117269485682904
"Rev_mediated nuclear export of HIV RNA",350,0.0712817261211173,0.35117823999928,0,0,0.0239653756475676
"RHO GTPases activate CIT",100,0,0,0,0,0
"RHO GTPases activate PAKs",650,0.0284745759093243,0.10247801308915,0,0,0.00790897834664147
"RHO GTPases activate PKNs",650,0.0284745759093243,0.10247801308915,0,0,0.00790897834664147
"RHO GTPases Activate ROCKs",650,0.0284745759093243,0.10247801308915,0,0,0.00790897834664147
"RHO GTPases Activate WASPs and WAVEs",800,0.00796213820605535,0.0182811247367042,0,0,0.00207148368913084
"Ribosomal scanning and start codon recognition",100,0,0,0,0,0
"RIG_IslashMDA5 mediated induction of IFN_alphaslashbeta pathways",100,0.382325428374813,1.21157713190969,0,0,0.158863506957581
"RIPK1_mediated regulated necrosis",1200,0.000164543472387711,0.000501514019620846,0,0,0.0000368562255158149
"RIP_mediated NFkB activation via ZBP1",450,0.0563098633968081,0.22136120006144,0,0,0.0175418735224042
"RMTs methylate histone arginines",1150,0.000300084305422798,0.000801598325043644,0,0,0.0000683279460479345
"RNA Pol II CTD phosphorylation and interaction with CE",350,0.0712817261211173,0.35117823999928,0,0,0.0239653756475676
"RNA Polymerase I Chain Elongation",350,0.0712817261211173,0.35117823999928,0,0,0.0239653756475676
"RNA Polymerase II HIV Promoter Escape",350,0.0712817261211173,0.35117823999928,0,0,0.0239653756475676
"RNA Polymerase III Abortive And Retractive Initiation",400,0.0585353138167231,0.279896513878163,0,0,0.0189516887452521
"RNA Polymerase III Chain Elongation",400,0.0585353138167231,0.279896513878163,0,0,0.0189516887452521
"RNA Polymerase III Transcription",400,0.0585353138167231,0.279896513878163,0,0,0.0189516887452521
"RNA Polymerase III Transcription Initiation",400,0.0585353138167231,0.279896513878163,0,0,0.0189516887452521
"RNA Polymerase III Transcription Initiation From Type 1 Promoter",400,0.0585353138167231,0.279896513878163,0,0,0.0189516887452521
"RNA Polymerase III Transcription Initiation From Type 2 Promoter",400,0.0585353138167231,0.279896513878163,0,0,0.0189516887452521
"RNA Polymerase III Transcription Initiation From Type 3 Promoter",400,0.0585353138167231,0.279896513878163,0,0,0.0189516887452521
"RNA Polymerase III Transcription Termination",400,0.0585353138167231,0.279896513878163,0,0,0.0189516887452521
"RNA Polymerase II Pre_transcription Events",350,0.0473467757768336,0.262411956109084,0,0,0.0161080316478316
"RNA Polymerase II Promoter Escape",350,0.0712817261211173,0.35117823999928,0,0,0.0239653756475676
"RNA polymerase II transcribes snRNA genes",200,0.245876304164422,0.931761359247046,0,0,0.0902907066577304
"RNA Polymerase II Transcription Elongation",350,0.0712817261211173,0.35117823999928,0,0,0.0239653756475676
"RNA Polymerase II Transcription Initiation",350,0.0712817261211173,0.35117823999928,0,0,0.0239653756475676
"RNA Polymerase II Transcription Initiation And Promoter Clearance",350,0.0712817261211173,0.35117823999928,0,0,0.0239653756475676
"RNA Polymerase II Transcription Pre_Initiation And Promoter Opening",350,0.0712817261211173,0.35117823999928,0,0,0.0239653756475676
"RNA Polymerase II Transcription Termination",100,0,0,0,0,0
"RNA Polymerase I Promoter Clearance",450,0.0563098633968081,0.313930701575832,0,0,0.0175418735224042
"RNA Polymerase I Promoter Escape",350,0.0712817261211173,0.35117823999928,0,0,0.0239653756475676
"RNA Polymerase I Promoter Opening",1050,0.000862341850469868,0.00205150238787035,0,0,0.000203277088934648
"RNA Polymerase I Transcription",450,0.0563098633968081,0.309827448157354,0,0,0.0175418735224042
"RNA Polymerase I Transcription Initiation",350,0.0712817261211173,0.35117823999928,0,0,0.0239653756475676
"RNA Polymerase I Transcription Termination",350,0.0712817261211173,0.35117823999928,0,0,0.0239653756475676
"Role of phospholipids in phagocytosis",450,0.0563098633968081,0.22136120006144,0,0,0.0175418735224042
"RORA activates gene expression",1500,0.000016623010188008,0.000016623010188008,0,0,0.00000341123103559663
"ROS RNS production in response to bacteria",200,0.24503830170781,0.931823629570427,0,0,0.0900191447400032
"rRNA modification in the nucleus",1050,0.000862341850469868,0.00271001404249529,0,0,0.000203277088934648
"S33 mutants of beta_catenin aren t phosphorylated",100,0,0,0,0,0
"S37 mutants of beta_catenin aren t phosphorylated",100,0,0,0,0,0
"S45 mutants of beta_catenin aren t phosphorylated",100,0,0,0,0,0
"SALM protein interactions at the synapse",1350,0.000054589832295894,0.000133575013654623,0,0,0.0000116785627603201
"Scavenging by Class A Receptors",100,0,0,0,0,0
"Scavenging of heme from plasma",400,0.0585353138167231,0.279896513878163,0,0,0.0189516887452521
"SCF_beta_TrCP mediated degradation of Emi1",650,0.0284745759093243,0.0818326648967227,0,0,0.00790897834664147
"SCFSkp2_mediated degradation of p27slashp21",650,0.0284745759093243,0.0818326648967227,0,0,0.00790897834664147
"Selenocysteine synthesis",900,0.001114740705552,0.00542213696123938,0,0,0.000278529903234709
"Sema3A PAK dependent Axon repulsion",300,0.158671709160566,0.509849949159847,0,0,0.053704551819771
"Sema4D induced cell migration and growth_cone collapse",750,0.0166514691987331,0.0349325939354373,0,0,0.00441703934786319
"Sema4D in semaphorin signaling",750,0.0166514691987331,0.0349325939354373,0,0,0.00441703934786319
"Semaphorin interactions",300,0.0954545062884462,0.395342259300135,0,0,0.0333230579327959
"Senescence_Associated Secretory Phenotype SASP",650,0.0142975254519719,0.0494614491391718,0,0,0.003999369542925
"Serotonin Neurotransmitter Release Cycle",700,0.0184254950519611,0.0533580889873984,0,0,0.00500768753760438
"SHC1 events in ERBB2 signaling",100,0,0,0,0,0
"SHC_mediated cascade:FGFR1",100,0,0,0,0,0
"SHC_mediated cascade:FGFR2",100,0,0,0,0,0
"SHC_mediated cascade:FGFR3",100,0,0,0,0,0
"SHC_mediated cascade:FGFR4",100,0,0,0,0,0
"Sialic acid metabolism",100,0.604736065499167,5.98818269406585,0,0,0.226890713228622
"Signal amplification",400,0.0585353138167231,0.318186533343167,0,0,0.0189516887452521
"Signaling by BMP",1200,0.000164543472387711,0.000501514019620846,0,0,0.0000368562255158149
"Signaling by cytosolic FGFR1 fusion mutants",800,0.00796213820605535,0.0182811247367042,0,0,0.00207148368913084
"Signaling by EGFR in Cancer",650,0.0284745759093243,0.0818326648967227,0,0,0.00790897834664147
"Signaling by EGFRvIII in Cancer",1350,0.000054589832295894,0.000133575013654623,0,0,0.0000116785627603201
"Signaling by ERBB2",650,0.0284745759093243,0.0818326648967227,0,0,0.00790897834664147
"Signaling by FGFR1 in disease",650,0.0284745759093243,0.0818326648967227,0,0,0.00790897834664147
"Signaling by FGFR2 IIIa TM",100,0,0,0,0,0
"Signaling by FGFR2 in disease",100,0,0,0,0,0
"Signaling by FGFR3 in disease",100,0,0,0,0,0
"Signaling by FGFR3 point mutants in cancer",100,0,0,0,0,0
"Signaling by FGFR in disease",650,0.0247051949428039,0.0715091891505013,0,0,0.00687489849669391
"Signaling by Hippo",250,0.185891243252413,1.00904924570842,0,0,0.0657214173351179
"Signaling by Ligand_Responsive EGFR Variants in Cancer",650,0.0284745759093243,0.0818326648967227,0,0,0.00790897834664147
"Signaling by NODAL",150,0.391243966280447,1.76901921961738,0,0,0.145537963452742
"Signaling by NOTCH1",250,0.185891243252413,0.836209976023869,0,0,0.0657214173351179
"Signaling by NOTCH1 HD Domain Mutants in Cancer",650,0.0284745759093243,0.0818326648967227,0,0,0.00790897834664147
"Signaling by NOTCH1 HD+PEST Domain Mutants in Cancer",250,0.124983860911957,0.48559171074824,0,0,0.0455182236754896
"Signaling by NOTCH1 in Cancer",250,0.124983860911957,0.48559171074824,0,0,0.0455182236754896
"Signaling by NOTCH1 PEST Domain Mutants in Cancer",250,0.124983860911957,0.48559171074824,0,0,0.0455182236754896
"Signaling by NOTCH2",250,0.176703950006092,0.680500916131763,0,0,0.0627522054108728
"Signaling by PTK6",350,0.0686714670204343,0.340320100458656,0,0,0.0231175900900119
"Signaling by Retinoic Acid",650,0.0284745759093243,0.0818326648967227,0,0,0.00790897834664147
"Signaling by Robo receptor",1100,0.000387562212356834,0.00118916053740048,0,0,0.0000897662267727572
"Signaling by TGF_beta Receptor Complex",500,0.0379605494643854,0.191956361843143,0,0,0.01151059837972
"Signaling by WNT in cancer",1450,0.0000269310945611556,0.0000435541047491637,0,0,0.00000560136592783792
"Signal transduction by L1",500,0.0379605494643854,0.165051336664632,0,0,0.01151059837972
"SIRT1 negatively regulates rRNA Expression",1050,0.000862341850469868,0.00205150238787035,0,0,0.000203277088934648
"SMAD2slashSMAD3:SMAD4 heterotrimer regulates transcription",650,0.0284745759093243,0.0818326648967227,0,0,0.00790897834664147
"Smooth Muscle Contraction",400,0.0585353138167231,0.279896513878163,0,0,0.0189516887452521
"snRNP Assembly",350,0.0712817261211173,0.35117823999928,0,0,0.0239653756475676
"Sphingolipid de novo biosynthesis",150,0.391243966280447,1.35557712439951,0,0,0.145537963452742
"Sphingolipid metabolism",950,0.752083235759738,9.46987435552917,0.0344827586206897,950,0.129492814467157
"Spry regulation of FGF signaling",100,0.604736065499167,1.9375975283563,0,0,0.226890713228622
"Stabilization of p53",650,0.0284745759093243,0.0818326648967227,0,0,0.00790897834664147
"Steroid hormones",100,0,0,0,0,0
"STING mediated induction of host immune responses",100,0.604736065499167,2.13565601877885,0,0,0.226890713228622
"Striated Muscle Contraction",100,0,0,0,0,0
"Sulfur amino acid metabolism",100,0.604736065499167,2.03362818025897,0,0,0.226890713228622
"SUMO E3 ligases SUMOylate target proteins",450,0.0563098633968081,0.296779075906162,0,0,0.0175418735224042
"SUMOylation of DNA damage response and repair proteins",450,0.0563098633968081,0.304898763164883,0,0,0.0175418735224042
"SUMOylation of DNA replication proteins",350,0.0712817261211173,0.35117823999928,0,0,0.0239653756475676
"SUMOylation of RNA binding proteins",350,0.0712817261211173,0.35117823999928,0,0,0.0239653756475676
"Surfactant metabolism",200,0.245876304164422,0.941617496576681,0,0,0.0902907066577304
"Switching of origins to a post_replicative state",650,0.0284745759093243,0.0818326648967227,0,0,0.00790897834664147
"Syndecan interactions",350,0.953026386697586,9.91404488597464,0.0689655172413793,350,0.214024485874499
"Synthesis and interconversion of nucleotide di_ and triphosphates",350,0.0712817261211173,0.35117823999928,0,0,0.0239653756475676
"Synthesis of bile acids and bile salts",1450,0.00639238931129717,0.00658484514778856,0,0,0.00132532275587046
"Synthesis of bile acids and bile salts via 27_hydroxycholesterol",1450,0.0662242092957672,0.0668030934448718,0,0,0.0133278938088362
"Synthesis of bile acids and bile salts via 7alpha_hydroxycholesterol",1450,0.00639238931129717,0.00658484514778856,0,0,0.00132532275587046
"Synthesis of DNA",650,0.0213042298695643,0.0668685913796065,0,0,0.00593853777593846
"Synthesis of glycosylphosphatidylinositol GPI",100,0,0,0,0,0
"Synthesis of IP3 and IP4 in the cytosol",650,0.0284745759093243,0.10247801308915,0,0,0.00790897834664147
"Synthesis of Leukotrienes LT and Eoxins EX",450,0.0563098633968081,0.22136120006144,0,0,0.0175418735224042
"Synthesis of PA",300,0.158671709160566,0.564106790014627,0,0,0.053704551819771
"Synthesis of PC",800,0.00796213820605535,0.0182811247367042,0,0,0.00207148368913084
"Synthesis of PIPs at the Golgi membrane",100,0,0,0,0,0
"Synthesis of PIPs at the plasma membrane",400,0.0585353138167231,0.279896513878163,0,0,0.0189516887452521
"Synthesis of substrates in N_glycan biosythesis",100,0.464307986570688,1.52195903287864,0,0,0.185715033222982
"Synthesis of very long_chain fatty acyl_CoAs",250,2.54397776959974,23.0925431283058,0.379310344827586,200,0.356992300733979
"Synthesis secretion and deacylation of Ghrelin",1500,0.000016623010188008,0.000016623010188008,0,0,0.00000341123103559663
"Synthesis secretion and inactivation of Glucagon_like Peptide_1 GLP_1",100,0,0,0,0,0
"T41 mutants of beta_catenin aren t phosphorylated",100,0,0,0,0,0
"TAK1 activates NFkB by phosphorylation and activation of IKKs complex",450,0.0563098633968081,0.22136120006144,0,0,0.0175418735224042
"Tat_mediated elongation of the HIV_1 transcript",350,0.0712817261211173,0.35117823999928,0,0,0.0239653756475676
"Tat_mediated HIV elongation arrest and recovery",650,0.0284745759093243,0.10247801308915,0,0,0.00790897834664147
"Telomere C_strand Lagging Strand Synthesis",750,0.0166514691987331,0.0349325939354373,0,0,0.00441703934786319
"Telomere Maintenance",750,0.0166514691987331,0.0349325939354373,0,0,0.00441703934786319
"Termination of O_glycan biosynthesis",100,0.604736065499167,6.09337534100023,0,0,0.226890713228622
"Termination of translesion DNA synthesis",100,0.596449989910367,3.16326287335544,0,0,0.22461830737284
"TGF_beta receptor signaling activates SMADs",650,0.325576452394896,1.52571072303826,0,0,0.0782894112138509
"TGF_beta receptor signaling in EMT epithelial to mesenchymal transition",650,0.0284745759093243,0.0818326648967227,0,0,0.00790897834664147
"The canonical retinoid cycle in rods twilight vision",100,0,0,0,0,0
"The phototransduction cascade",100,0,0,0,0,0
"The role of GTSE1 in G2slashM progression after G2 checkpoint",650,0.0284745759093243,0.0818326648967227,0,0,0.00790897834664147
"The role of Nef in HIV_1 replication and disease pathogenesis",100,0,0,0,0,0
"Thrombin signalling through proteinase activated receptors PARs",850,0.00532948424170862,0.0103189865306489,0,0,0.00135751254958792
"Thromboxane signalling through TP receptor",850,0.00532948424170862,0.0103189865306489,0,0,0.00135751254958792
"Tie2 Signaling",650,0.0284745759093243,0.10247801308915,0,0,0.00790897834664147
"Tight junction interactions",150,0.391243966280447,1.35978527824954,0,0,0.145537963452742
"TNFR1_induced NFkappaB signaling pathway",650,0.0284745759093243,0.127090787200246,0,0,0.00790897834664147
"TNFR2 non_canonical NF_kB pathway",650,0.0284745759093243,0.0818326648967227,0,0,0.00790897834664147
"TNF receptor superfamily TNFSF members mediating non_canonical NF_kB pathway",650,0.0284745759093243,0.0818326648967227,0,0,0.00790897834664147
"TNFs bind their physiological receptors",650,0.0284745759093243,0.0818326648967227,0,0,0.00790897834664147
"TNF signaling",200,0.18865718933857,0.808191966849239,0,0,0.0712156013449118
"Toll Like Receptor 10 TLR10 Cascade",950,0.17531991042501,0.76890189259112,0,0,0.0393932711577452
"Toll Like Receptor 2 TLR2 Cascade",950,0.752083235759738,7.31562207381816,0.0344827586206897,950,0.129492814467157
"Toll Like Receptor 3 TLR3 Cascade",950,0.105023357720232,0.365692196148256,0,0,0.0244222075608116
"Toll Like Receptor 5 TLR5 Cascade",950,0.17531991042501,0.76890189259112,0,0,0.0393932711577452
"Toll Like Receptor 7slash8 TLR7slash8 Cascade",300,0.0623806833852743,0.413355955153985,0,0,0.0221353287959649
"Toll Like Receptor 9 TLR9 Cascade",300,0.0607029950324209,0.392981678095784,0,0,0.0215579041886625
"Toll Like Receptor TLR1:TLR2 Cascade",950,0.752083235759738,7.31562207381816,0.0344827586206897,950,0.129492814467157
"Toll Like Receptor TLR6:TLR2 Cascade",950,0.752083235759738,7.31562207381816,0.0344827586206897,950,0.129492814467157
"TP53 Regulates Metabolic Genes",400,0.0585353138167231,0.32406779823,0,0,0.0189516887452521
"TP53 regulates transcription of additional cell cycle genes whose exact role in the p53 pathway remain uncertain",100,0,0,0,0,0
"TP53 Regulates Transcription of Cell Cycle Genes",900,0.00133718822309524,0.00498950228894024,0,0,0.000334073646322069
"TP53 Regulates Transcription of Cell Death Genes",1400,0.113787114111298,0.810568150660527,0,0,0.0226823800195942
"TP53 Regulates Transcription of DNA Repair Genes",350,0.0505368622926116,0.274184186847914,0,0,0.0171661645171535
"TP53 Regulates Transcription of Genes Involved in Cytochrome C Release",100,0,0,0,0,0
"TP53 Regulates Transcription of Genes Involved in G2 Cell Cycle Arrest",900,0.00133718822309524,0.00498950228894024,0,0,0.000334073646322069
"TRAF6 mediated induction of NFkB and MAP kinases upon TLR7slash8 or 9 activation",300,0.0623806833852743,0.416823092663279,0,0,0.0221353287959649
"TRAF6 Mediated Induction of proinflammatory cytokines",450,0.0563098633968081,0.26410224497276,0,0,0.0175418735224042
"TRAF6 mediated induction of TAK1 complex",900,0.310712067142722,2.06894270836951,0,0,0.0667687803387407
"TRAF6 mediated IRF7 activation",100,0.604736065499167,1.94027615079434,0,0,0.226890713228622
"TRAF6 mediated NF_kB activation",100,0.604736065499167,2.07269099039231,0,0,0.226890713228622
"Trafficking of AMPA receptors",800,0.00796213820605535,0.0182811247367042,0,0,0.00207148368913084
"Trafficking of GluR2_containing AMPA receptors",100,0,0,0,0,0
"Transcriptional activation of mitochondrial biogenesis",1400,0.0000354310766095652,0.0000789851813587289,0,0,0.00000747216554178257
"Transcriptional activity of SMAD2slashSMAD3:SMAD4 heterotrimer",650,0.0284745759093243,0.0818326648967227,0,0,0.00790897834664147
"Transcriptional regulation by small RNAs",350,0.0505368622926116,0.274184186847914,0,0,0.0171661645171535
"Transcriptional regulation of pluripotent stem cells",100,0.604736065499167,1.9375975283563,0,0,0.226890713228622
"Transcriptional regulation of white adipocyte differentiation",100,0.604736065499167,1.93699916310174,0,0,0.226890713228622
"Transcription_Coupled Nucleotide Excision Repair TC_NER",350,0.0443143231741024,0.221003392617121,0,0,0.0150990507249926
"Transcription of the HIV genome",350,0.0456811336129544,0.255080061460015,0,0,0.0155542051584998
"Transferrin endocytosis and recycling",950,0.17531991042501,0.466206865251373,0,0,0.0393932711577452
"trans_Golgi Network Vesicle Budding",150,0.391243966280447,1.34532709540027,0,0,0.145537963452742
"Translation initiation complex formation",100,0,0,0,0,0
"Translesion Synthesis by POLH",650,0.0284745759093243,0.0818326648967227,0,0,0.00790897834664147
"Translesion synthesis by POLI",1200,0.0974513857498761,0.460975392943578,0,0,0.0208000550339841
"Translesion synthesis by POLK",1200,0.0974513857498761,0.460975392943578,0,0,0.0208000550339841
"Translesion synthesis by REV1",1200,0.0974513857498761,0.460975392943578,0,0,0.0208000550339841
"Translesion synthesis by Y family DNA polymerases bypasses lesions on DNA template",100,0.556783307254043,2.30580228521134,0,0,0.213475286872874
"Translocation of GLUT4 to the plasma membrane",650,0.0270569377374453,0.0959125508345558,0,0,0.00752052528764494
"Translocation of ZAP_70 to Immunological synapse",1350,0.000054589832295894,0.000133575013654623,0,0,0.0000116785627603201
"Transport of inorganic cationsslashanions and amino acidsslasholigopeptides",100,0.660312321630782,3.13333685825391,0,0,0.241655032077252
"Transport of Mature mRNA derived from an Intron_Containing Transcript",350,0.0444382751925372,0.17957097644397,0,0,0.0151403529970784
"Transport of Mature mRNA Derived from an Intronless Transcript",350,0.0712817261211173,0.35117823999928,0,0,0.0239653756475676
"Transport of Mature mRNAs Derived from Intronless Transcripts",350,0.0712817261211173,0.35117823999928,0,0,0.0239653756475676
"Transport of Mature Transcript to Cytoplasm",350,0.0443143231741024,0.15818909415791,0,0,0.0150990507249926
"Transport of Ribonucleoproteins into the Host Nucleus",350,0.0712817261211173,0.35117823999928,0,0,0.0239653756475676
"Transport of the SLBP Dependant Mature mRNA",350,0.0712817261211173,0.35117823999928,0,0,0.0239653756475676
"Transport of the SLBP independent Mature mRNA",350,0.0712817261211173,0.35117823999928,0,0,0.0239653756475676
"Transport of vitamins nucleosides and related molecules",200,0.245876304164422,0.941617496576681,0,0,0.0902907066577304
"TRIF_mediated TLR3slashTLR4 signaling",950,0.105023357720232,0.365692196148256,0,0,0.0244222075608116
"Triglyceride Biosynthesis",300,1.32646385026689,17.5010723242136,0.241379310344828,250,0.268877083090309
"Tristetraprolin TTP ZFP36 binds and destabilizes mRNA",100,0.604736065499167,1.95006316089944,0,0,0.226890713228622
"tRNA Aminoacylation",1500,0.000016623010188008,0.000016623010188008,0,0,0.00000341123103559663
"tRNA modification in the nucleus and cytosol",500,0.0379605494643854,0.165051336664632,0,0,0.01151059837972
"tRNA processing in the nucleus",350,0.0712817261211173,0.348729406291277,0,0,0.0239653756475676
"TRP channels",550,0.0348874013986122,0.137365414487762,0,0,0.0102492440029042
"Ubiquitin_dependent degradation of Cyclin D",650,0.0284745759093243,0.0818326648967227,0,0,0.00790897834664147
"Ubiquitin_dependent degradation of Cyclin D1",650,0.0284745759093243,0.0818326648967227,0,0,0.00790897834664147
"Ubiquitin Mediated Degradation of Phosphorylated Cdc25A",650,0.0284745759093243,0.0818326648967227,0,0,0.00790897834664147
"Unblocking of NMDA receptor glutamate binding and activation",100,0,0,0,0,0
"Unfolded Protein Response UPR",300,0.0623806833852743,0.309332585359417,0,0,0.0221353287959649
"Uptake and actions of bacterial toxins",1500,0.274522398589394,0.955319370761718,0,0,0.0492644855025389
"Vasopressin regulates renal water homeostasis via Aquaporins",650,0.0284745759093243,0.127090787200246,0,0,0.00790897834664147
"VEGFR2 mediated vascular permeability",1350,0.000054589832295894,0.000133575013654623,0,0,0.0000116785627603201
"Vif_mediated degradation of APOBEC3G",650,0.0284745759093243,0.0818326648967227,0,0,0.00790897834664147
"Viral Messenger RNA Synthesis",350,0.0712817261211173,0.35117823999928,0,0,0.0239653756475676
"Viral mRNA Translation",900,0.00133718822309524,0.00564458447878261,0,0,0.000334073646322069
"Visual phototransduction",350,0.0712817261211173,0.35117823999928,0,0,0.0239653756475676
"Voltage gated Potassium channels",200,0.245876304164422,0.941617496576681,0,0,0.0902907066577304
"Vpr_mediated nuclear import of PICs",350,0.0712817261211173,0.35117823999928,0,0,0.0239653756475676
"Vpu mediated degradation of CD4",650,0.0284745759093243,0.0818326648967227,0,0,0.00790897834664147
"VxPx cargo_targeting to cilium",650,0.0284745759093243,0.10247801308915,0,0,0.00790897834664147
"WNT5A_dependent internalization of FZD4",100,0,0,0,0,0
"WNT ligand biogenesis and trafficking",100,0,0,0,0,0
"XBP1S activates chaperone genes",650,0.0247943831975711,0.0934843031329412,0,0,0.00689941116534954
"Xenobiotics",100,0,0,0,0,0
"YAP1_ and WWTR1 TAZ_stimulated gene expression",100,0.604736065499167,1.9375975283563,0,0,0.226890713228622
"ZBP1DAI mediated induction of type I IFNs",450,0.0563098633968081,0.22136120006144,0,0,0.0175418735224042
"Zinc transporters",100,0,0,0,0,0
