"","TopCut_highestMinuslogP_down","maximum_MinuslogP_down","sum_MinuslogP_down","times_significant_down","FirstTopCut_significant_down","PEBBA_score_down"
"ABC_family proteins mediated transport",400,0.0596587619744678,0.686857615240651,0,0,0.0193046819028099
"ABC transporters in lipid homeostasis",100,0,0,0,0,0
"Abortive elongation of HIV_1 transcript in the absence of Tat",150,0.248346499126852,1.51192847268471,0,0,0.0988474708936614
"Acetylcholine Neurotransmitter Release Cycle",100,0,0,0,0,0
"Activated NOTCH1 Transmits Signal to the Nucleus",100,0.432520774977552,2.05177340022636,0,0,0.175564313646888
"Activated PKN1 stimulates transcription of AR androgen receptor regulated genes KLK2 and KLK3",1100,0.0313491513551788,0.178937705121341,0,0,0.00714976701639462
"Activated point mutants of FGFR2",100,0,0,0,0,0
"activated TAK1 mediates p38 MAPK activation",1450,0.00759898428137854,0.0146321591472409,0,0,0.00157453486299932
"Activation of anterior HOX genes in hindbrain development during early embryogenesis",150,0.248346499126852,1.39668989064645,0,0,0.0988474708936614
"Activation of APCslashC and APCslashC:Cdc20 mediated degradation of mitotic proteins",100,0.255234434238033,1.56712601559662,0,0,0.112632573852422
"Activation of ATR in response to replication stress",750,0.11429611059295,0.984814072353243,0,0,0.0288893817506197
"Activation of BAD and translocation to mitochondria",250,0.111642730528153,1.14418240045385,0,0,0.040926225851692
"Activation of BH3_only proteins",250,0.111642730528153,0.992047343180294,0,0,0.040926225851692
"Activation of GABAB receptors",850,0.0473994531081529,0.367050481918687,0,0,0.0118232470584403
"Activation of gene expression by SREBF SREBP",150,0.207168130023784,1.70962906027788,0,0,0.084107186375047
"Activation of G protein gated Potassium channels",850,0.0473994531081529,0.373108438544757,0,0,0.0118232470584403
"Activation of HOX genes during differentiation",150,0.248346499126852,1.39668989064645,0,0,0.0988474708936614
"Activation of IRF3slashIRF7 mediated by TBK1slashIKK epsilon",250,0.442796349113667,3.03383460086264,0,0,0.138606265468685
"Activation of Kainate Receptors upon glutamate binding",300,0.110204083404141,0.888409242015384,0,0,0.0381942644111041
"Activation of Matrix Metalloproteinases",100,0.432520774977552,1.96623767402083,0,0,0.175564313646888
"Activation of NF_kappaB in B cells",100,0.248860220756543,1.64329968775773,0,0,0.110155524950121
"Activation of NMDA receptor upon glutamate binding and postsynaptic events",1150,0.0287103299520825,0.146019777035856,0,0,0.0064452382397078
"Activation of SMO",100,0.469737828854372,2.16091198973451,0,0,0.187416926337682
"Activation of the mRNA upon binding of the cap_binding complex and eIFs and subsequent binding to 43S",1000,0.000486329504421107,0.00218824399222808,0,0,0.000116813750809814
"Activation of the pre_replicative complex",550,0.0721022812829101,0.783649489866403,0,0,0.0207952024844719
"Acyl chain remodelling of PC",100,0,0,0,0,0
"Acyl chain remodelling of PE",100,0,0,0,0,0
"Acyl chain remodelling of PG",1450,0.0252490457586111,0.0719610965792501,0,0,0.00518584501743014
"Acyl chain remodelling of PI",100,0,0,0,0,0
"Acyl chain remodelling of PS",100,0,0,0,0,0
"Adherens junctions interactions",1450,0.0252490457586111,0.109006355546363,0,0,0.00518584501743014
"ADP signalling through P2Y purinoceptor 1",100,0.432520774977552,1.87837214714392,0,0,0.175564313646888
"ADP signalling through P2Y purinoceptor 12",850,0.0473994531081529,0.373108438544757,0,0,0.0118232470584403
"Adrenalinenoradrenaline inhibits insulin secretion",850,0.0473994531081529,0.374906571817173,0,0,0.0118232470584403
"Aflatoxin activation and detoxification",800,0.0501842618712656,0.589805085579292,0,0,0.0127848416780313
"Amine compound SLC transporters",100,0,0,0,0,0
"Amine_derived hormones",100,0,0,0,0,0
"Amine ligand_binding receptors",100,0,0,0,0,0
"Amino acid and oligopeptide SLC transporters",800,0.0478846736446742,0.409284377388557,0,0,0.0122129228569631
"Amino acid synthesis and interconversion transamination",100,0,0,0,0,0
"Amino acid transport across the plasma membrane",100,0,0,0,0,0
"Amyloid fiber formation",1500,0.00703317486586234,0.0134298132110682,0,0,0.00143823597888358
"Anchoring of the basal body to the plasma membrane",150,0.141578387369745,1.08569112610982,0,0,0.0593384293218726
"Antigen activates B Cell Receptor BCR leading to generation of second messengers",300,0.095722952278338,0.823771827516769,0,0,0.0334123585566339
"Antigen Presentation: Folding assembly and peptide loading of class I MHC",100,0.525523808247325,2.41686213718057,0,0,0.204377208035966
"Antigen processing_Cross presentation",100,0.231763917830088,1.23651720124772,0,0,0.10343332707641
"Antiviral mechanism by IFN_stimulated genes",100,0.432520774977552,1.81755092467586,0,0,0.175564313646888
"APC:Cdc20 mediated degradation of cell cycle proteins prior to satisfation of the cell cycle checkpoint",100,0.255256968713326,1.56936672191936,0,0,0.112641302875763
"APC_Cdc20 mediated degradation of Nek2A",100,0.432520774977552,2.56667279168983,0,0,0.175564313646888
"APCslashC:Cdc20 mediated degradation of Cyclin B",100,0.432520774977552,2.71182001879759,0,0,0.175564313646888
"APCslashC:Cdc20 mediated degradation of mitotic proteins",100,0.255234434238033,1.56712601559662,0,0,0.112632573852422
"APCslashC:Cdc20 mediated degradation of Securin",100,0.255256968713326,1.56936672191936,0,0,0.112641302875763
"APCslashC:Cdh1 mediated degradation of Cdc20 and other APCslashC:Cdh1 targeted proteins in late mitosisslashearly G1",100,0.252465976352649,1.56054428056378,0,0,0.111558677614603
"APCslashC_mediated degradation of cell cycle proteins",100,0.248860220756543,1.53615101103271,0,0,0.110155524950121
"Apoptotic cleavage of cellular proteins",1000,0.0344235580895607,0.446894728514029,0,0,0.00812963733205755
"Apoptotic execution  phase",1100,0.0313491513551788,0.360740371877412,0,0,0.00714976701639462
"Aquaporin_mediated transport",850,0.0376129258570399,0.360182111140667,0,0,0.00942780550532502
"Arachidonic acid metabolism",100,0.545751661940673,2.39546248951293,0,0,0.210296948948643
"Assembly of collagen fibrils and other multimeric structures",100,0.432520774977552,1.84754990184854,0,0,0.175564313646888
"Assembly of the pre_replicative complex",800,0.0501842618712656,0.655927031634708,0,0,0.0127848416780313
"Association of licensing factors with the pre_replicative complex",500,0.0661151491814179,0.773494352208136,0,0,0.0197699568272159
"Association of TriCslashCCT with target proteins during biosynthesis",150,0.248346499126852,1.46225716117467,0,0,0.0988474708936614
"Asymmetric localization of PCP proteins",800,0.0478846736446742,0.546464827440205,0,0,0.0122129228569631
"A tetrasaccharide linker sequence is required for GAG synthesis",100,0,0,0,0,0
"ATF4 activates genes",800,0.0501842618712656,0.607857682948865,0,0,0.0127848416780313
"Attenuation phase",100,0,0,0,0,0
"AUF1 hnRNP D0 binds and destabilizes mRNA",800,0.0478846736446742,0.545117179705345,0,0,0.0122129228569631
"AURKA Activation by TPX2",400,0.0355752525695378,0.476044148673705,0,0,0.0116499636676726
"Autodegradation of Cdh1 by Cdh1:APCslashC",100,0.255256968713326,1.57826806540448,0,0,0.112641302875763
"Autodegradation of the E3 ubiquitin ligase COP1",800,0.0501842618712656,0.552231355242412,0,0,0.0127848416780313
"Base Excision Repair",350,0.0849044287495453,0.631497251244006,0,0,0.0283541571893699
"Basigin interactions",100,0,0,0,0,0
"BBSome_mediated cargo_targeting to cilium",1000,0.0344235580895607,0.254978604183485,0,0,0.00812963733205755
"Beta_catenin phosphorylation cascade",750,0.11429611059295,0.996428708541311,0,0,0.0288893817506197
"Beta defensins",100,0,0,0,0,0
"Bile acid and bile salt metabolism",250,0.270463523617787,1.78781599020315,0,0,0.0918099659464743
"Binding and Uptake of Ligands by Scavenger Receptors",100,0.432520774977552,1.82803307622436,0,0,0.175564313646888
"Biosynthesis of the N_glycan precursor dolichol lipid_linked oligosaccharide LLO and transfer to a nascent protein",300,0.0596938678198877,0.696454599034795,0,0,0.0212101172098486
"BMAL1:CLOCKNPAS2 activates circadian gene expression",100,0.390634500839599,2.1580180156051,0,0,0.161686291198686
"Branched_chain amino acid catabolism",200,0.174635284563841,1.13952257951282,0,0,0.0663722393729974
"Budding and maturation of HIV virion",1300,0.0142400616468884,0.0442463219142201,0,0,0.00307002369097604
"Butyrate Response Factor 1 BRF1 binds and destabilizes mRNA",800,0.0501842618712656,0.512696258434901,0,0,0.0127848416780313
"B_WICH complex positively regulates rRNA expression",150,0.201713210157623,1.32285359238248,0,0,0.0821086077219796
"Ca2+ pathway",100,0.355501200711917,1.81780730923664,0,0,0.149588948683456
"Ca_dependent events",800,0.0501842618712656,0.530580762544754,0,0,0.0127848416780313
"Calmodulin induced events",800,0.0501842618712656,0.533462319411752,0,0,0.0127848416780313
"Calnexinslashcalreticulin cycle",800,0.0501842618712656,0.418326134373814,0,0,0.0127848416780313
"CaM pathway",800,0.0501842618712656,0.533462319411752,0,0,0.0127848416780313
"Cargo concentration in the ER",100,0.517986369934624,3.26469777805579,0,0,0.202140550733741
"Cargo trafficking to the periciliary membrane",100,0.359563271163922,1.61892424359468,0,0,0.151009456007405
"Caspase activation via extrinsic apoptotic signalig pathway",100,0.432520774977552,2.07693638087176,0,0,0.175564313646888
"CD209 DC_SIGN signaling",100,0.432520774977552,2.43297082267478,0,0,0.175564313646888
"CD22 mediated BCR regulation",300,0.149476435694635,0.93500814709441,0,0,0.050819431771712
"CD28 co_stimulation",100,0.432520774977552,1.9611182916642,0,0,0.175564313646888
"CD28 dependent PI3KslashAkt signaling",800,0.0501842618712656,0.458252919907918,0,0,0.0127848416780313
"Cdc20:Phospho_APCslashC mediated degradation of Cyclin A",100,0.255256968713326,1.56936672191936,0,0,0.112641302875763
"CDK_mediated phosphorylation and removal of Cdc6",800,0.0501842618712656,0.559714286571487,0,0,0.0127848416780313
"CDO in myogenesis",950,0.0368374054957634,0.299820639042492,0,0,0.00885970835268578
"CDT1 association with the CDC6:ORC:origin complex",800,0.0501842618712656,0.662774105835721,0,0,0.0127848416780313
"Cell_cell junction organization",300,0.110204083404141,0.895735794803917,0,0,0.0381942644111041
"Cell death signalling via NRAGE NRIF and NADE",200,0.13554054302863,1.0433454582523,0,0,0.0525041544424582
"Cell_extracellular matrix interactions",100,0,0,0,0,0
"Cell junction organization",300,0.095722952278338,0.815767198153525,0,0,0.0334123585566339
"Cellular response to heat stress",250,0.054299083343713,0.764733564855772,0,0,0.0204759277860128
"Cellular response to hypoxia",100,0.432520774977552,1.81545496580923,0,0,0.175564313646888
"Centrosome maturation",400,0.0326269119941326,0.39232415510835,0,0,0.0107001320108985
"cGMP effects",1150,0.0351383034562721,0.262983233546728,0,0,0.00786308898451562
"Chaperonin_mediated protein folding",150,0.248346499126852,1.25738023085186,0,0,0.0988474708936614
"Chemokine receptors bind chemokines",250,0.101548257952165,0.897320171754733,0,0,0.0374107810985719
"Cholesterol biosynthesis",400,0.0596587619744678,0.678852985877408,0,0,0.0193046819028099
"Chondroitin sulfate biosynthesis",800,0.0501842618712656,0.515577844610791,0,0,0.0127848416780313
"Chondroitin sulfateslashdermatan sulfate metabolism",350,0.0764914838590867,0.746403890676345,0,0,0.0256508501866595
"Chromosome Maintenance",350,0.05050763881937,0.38811227008025,0,0,0.0171564865750844
"Chylomicron_mediated lipid transport",100,0.442221180721719,2.57582645370662,0,0,0.178696256325967
"Circadian Clock",100,0.259541660400781,1.78982340005847,0,0,0.11429746485992
"Citric acid cycle TCA cycle",750,0.117364319767956,1.03220301674763,0,0,0.0296203023879786
"Class Bslash2 Secretin family receptors",850,0.0473994531081529,0.484451260651723,0,0,0.0118232470584403
"Class Cslash3 Metabotropic glutamateslashpheromone receptors",100,0,0,0,0,0
"Classical antibody_mediated complement activation",100,0,0,0,0,0
"Clathrin derived vesicle budding",100,0.432520774977552,2.52558775140129,0,0,0.175564313646888
"Cleavage of Growing Transcript in the Termination Region",250,0.080836676446158,0.630890715102622,0,0,0.0300858208008926
"CLEC7A Dectin_1 signaling",100,0.408223332930681,1.83371647969136,0,0,0.167584808138453
"Cobalamin Cbl vitamin B12 transport and metabolism",100,0,0,0,0,0
"Collagen biosynthesis and modifying enzymes",100,0.432520774977552,2.46154970801448,0,0,0.175564313646888
"Collagen degradation",100,0.651684551231881,2.46913420944869,0,0,0.239416447901532
"Collagen formation",100,0.517986369934624,2.94993485732817,0,0,0.202140550733741
"Common Pathway of Fibrin Clot Formation",1450,0.023901398023751,0.0548525514535011,0,0,0.00491235005977221
"Complement cascade",250,0.111642730528153,0.952504546458025,0,0,0.040926225851692
"Complex I biogenesis",1200,0.0110287067523459,0.0507605355019746,0,0,0.00245695875030915
"Condensation of Prophase Chromosomes",850,0.0451400969718449,0.506284946275094,0,0,0.0112723055205916
"Constitutive Signaling by Aberrant PI3K in Cancer",1100,0.0313491513551788,0.169258958985991,0,0,0.00714976701639462
"Constitutive Signaling by AKT1 E17K in Cancer",350,0.0913475433705916,0.743157206528876,0,0,0.0304091802554487
"Constitutive Signaling by EGFRvIII",800,0.0501842618712656,0.502992384922098,0,0,0.0127848416780313
"Constitutive Signaling by Ligand_Responsive EGFR Cancer Variants",800,0.0478846736446742,0.479419519952368,0,0,0.0122129228569631
"Constitutive Signaling by NOTCH1 HD Domain Mutants",150,0.248346499126852,1.39048924808268,0,0,0.0988474708936614
"Constitutive Signaling by NOTCH1 HD+PEST Domain Mutants",200,0.265550300954061,1.81593333184661,0,0,0.0966012832002788
"Constitutive Signaling by NOTCH1 PEST Domain Mutants",200,0.265550300954061,1.81593333184661,0,0,0.0966012832002788
"Conversion from APCslashC:Cdc20 to APCslashC:Cdh1 in late anaphase",100,0.432520774977552,3.18114061506432,0,0,0.175564313646888
"Cooperation of PDCL PhLP1 and TRiCslashCCT in G_protein beta folding",150,0.219756917581106,1.26892681358657,0,0,0.0886780783953616
"Cooperation of Prefoldin and TriCslashCCT  in actin and tubulin folding",150,0.248346499126852,1.36469473402527,0,0,0.0988474708936614
"COPI_dependent Golgi_to_ER retrograde traffic",100,0.255256968713326,1.52646124481262,0,0,0.112641302875763
"COPII Coat Protein 2 Mediated Vesicle Transport",100,0.432520774977552,2.16468995504149,0,0,0.175564313646888
"COPI_independent Golgi_to_ER retrograde traffic",100,0,0,0,0,0
"COPI_mediated anterograde transport",250,0.07161580343548,0.685758775155364,0,0,0.0267755953010697
"Costimulation by the CD28 family",100,0.432520774977552,2.82242777519204,0,0,0.175564313646888
"Creation of C4 and C2 activators",100,0,0,0,0,0
"CREB phosphorylation through the activation of CaMKII",1150,0.0351383034562721,0.168099783642169,0,0,0.00786308898451562
"CREB phosphorylation through the activation of Ras",1150,0.0287103299520825,0.151336089743143,0,0,0.0064452382397078
"CRMPs in Sema3A signaling",100,0,0,0,0,0
"Cross_presentation of soluble exogenous antigens endosomes",800,0.0501842618712656,0.559714286571487,0,0,0.0127848416780313
"CTLA4 inhibitory signaling",100,0.432520774977552,2.06886985502828,0,0,0.175564313646888
"Cyclin A:Cdk2_associated events at S phase entry",800,0.037172874742899,0.505973133915922,0,0,0.00953144576789487
"Cyclin AslashB1 associated events during G2slashM transition",800,0.0501842618712656,0.530580762544754,0,0,0.0127848416780313
"Cyclin D associated events in G1",800,0.0501842618712656,0.515125730698985,0,0,0.0127848416780313
"Cyclin E associated events during G1slashS transition",800,0.0383727785690504,0.510802209775512,0,0,0.00983324737596126
"Cytochrome P450 _ arranged by substrate type",150,0.248346499126852,1.42303375623423,0,0,0.0988474708936614
"Cytosolic sensors of pathogen_associated DNA",100,0.255256968713326,1.76842201648316,0,0,0.112641302875763
"Cytosolic sulfonation of small molecules",200,0.174635284563841,1.17468725710738,0,0,0.0663722393729974
"Cytosolic tRNA aminoacylation",850,0.0473994531081529,0.51734022593628,0,0,0.0118232470584403
"DAG and IP3 signaling",800,0.0501842618712656,0.515193855798956,0,0,0.0127848416780313
"DARPP_32 events",300,0.110204083404141,0.880404612652141,0,0,0.0381942644111041
"Deactivation of the beta_catenin transactivating complex",150,0.243259521592432,1.4089921515148,0,0,0.0970592169864852
"Deadenylation_dependent mRNA decay",800,0.037172874742899,0.502460066932425,0,0,0.00953144576789487
"Deadenylation of mRNA",950,0.029196553854486,0.208118043869903,0,0,0.00704874897573634
"Death Receptor Signalling",200,0.144891459726051,0.966496084078551,0,0,0.0558707042903081
"Dectin_1 mediated noncanonical NF_kB signaling",200,0.12253570097361,0.953748709453507,0,0,0.0477694604786832
"Defective B3GALT6 causes EDSP2 and SEMDJL1",100,0,0,0,0,0
"Defective B3GALTL causes Peters_plus syndrome PpS",100,0.469737828854372,2.16091198973451,0,0,0.187416926337682
"Defective B3GAT3 causes JDSSDHD",100,0,0,0,0,0
"Defective B4GALT7 causes EDS progeroid type",100,0,0,0,0,0
"Defective C1GALT1C1 causes Tn polyagglutination syndrome TNPS",1450,0.0252490457586111,0.109006355546363,0,0,0.00518584501743014
"Defective GALNT12 causes colorectal cancer 1 CRCS1",100,0,0,0,0,0
"Defective GALNT3 causes familial hyperphosphatemic tumoral calcinosis HFTC",100,0,0,0,0,0
"Defects in vitamin and cofactor metabolism",1000,0.0344235580895607,0.248920647557415,0,0,0.00812963733205755
"Defensins",100,0.432520774977552,1.82589157992723,0,0,0.175564313646888
"Degradation of AXIN",800,0.0501842618712656,0.564765899891673,0,0,0.0127848416780313
"Degradation of beta_catenin by the destruction complex",150,0.121457097049208,1.1012282681183,0,0,0.0514085695116853
"Degradation of DVL",800,0.0501842618712656,0.559714286571487,0,0,0.0127848416780313
"Degradation of GLI1 by the proteasome",800,0.0478846736446742,0.545117179705345,0,0,0.0122129228569631
"Degradation of GLI2 by the proteasome",800,0.0478846736446742,0.545117179705345,0,0,0.0122129228569631
"Depolymerisation of the Nuclear Lamina",100,0,0,0,0,0
"Deposition of new CENPA_containing nucleosomes at the centromere",900,0.0318745142587768,0.264979149391573,0,0,0.00784296913219359
"Detoxification of Reactive Oxygen Species",100,0.525523808247325,2.81721585076164,0,0,0.204377208035966
"Digestion of dietary lipid",100,0,0,0,0,0
"Disassembly of the destruction complex and recruitment of AXIN to the membrane",300,0.110204083404141,0.917748078626926,0,0,0.0381942644111041
"Diseases associated with glycosaminoglycan metabolism",100,0,0,0,0,0
"Diseases associated with O_glycosylation of proteins",100,0.651684551231881,2.75660687956546,0,0,0.239416447901532
"Diseases associated with the TLR signaling cascade",100,0.432520774977552,2.993604638144,0,0,0.175564313646888
"Diseases of glycosylation",100,0.545751661940673,2.19016726783488,0,0,0.210296948948643
"Diseases of Immune System",100,0.432520774977552,2.993604638144,0,0,0.175564313646888
"Diseases of metabolism",1050,0.0248388835934816,0.157505609509195,0,0,0.00578556467091039
"Disorders of transmembrane transporters",100,0,0,0,0,0
"DNA Damage Bypass",350,0.0657567080296636,0.345187916547186,0,0,0.0221682871656587
"DNA Damage Recognition in GG_NER",1450,0.00539536701199106,0.0221959017738846,0,0,0.00111916911961072
"DNA DamageslashTelomere Stress Induced Senescence",200,0.156330750534961,1.07108977526704,0,0,0.0599465356968862
"DNA Double Strand Break Response",200,0.156330750534961,0.841648928944054,0,0,0.0599465356968862
"DNA methylation",800,0.0501842618712656,0.515193855798956,0,0,0.0127848416780313
"DNA Replication Pre_Initiation",800,0.0501842618712656,0.651679300035141,0,0,0.0127848416780313
"DNA strand elongation",350,0.0913475433705916,0.745037548602603,0,0,0.0304091802554487
"Dopamine Neurotransmitter Release Cycle",100,0,0,0,0,0
"Downregulation of SMAD2slash3:SMAD4 transcriptional activity",200,0.265550300954061,2.15357118711967,0,0,0.0966012832002788
"Downregulation of TGF_beta receptor signaling",200,0.255230632964951,1.60617239639838,0,0,0.0933066594568715
"Downstream TCR signaling",100,0.426989498418629,1.60495598609616,0,0,0.173764797918518
"Dual Incision in GG_NER",350,0.0764914838590867,0.472183878454494,0,0,0.0256508501866595
"Dual incision in TC_NER",150,0.155924595202395,1.17884056705024,0,0,0.0648956632221465
"E2F mediated regulation of DNA replication",550,0.0721022812829101,0.783649489866403,0,0,0.0207952024844719
"ECM proteoglycans",100,0.432520774977552,1.82301002306023,0,0,0.175564313646888
"Effects of PIP2 hydrolysis",800,0.0501842618712656,0.570451823484836,0,0,0.0127848416780313
"EGFR downregulation",1200,0.0155866848469368,0.0586243739190404,0,0,0.00346449128483508
"EGFR interacts with phospholipase C_gamma",800,0.0501842618712656,0.515193855798956,0,0,0.0127848416780313
"Eicosanoid ligand_binding receptors",300,0.113924601589334,0.892129760200577,0,0,0.0394116999768966
"Elastic fibre formation",800,0.0501842618712656,0.578678795688561,0,0,0.0127848416780313
"Elevation of cytosolic Ca2+ levels",100,0,0,0,0,0
"Elongation arrest and recovery",150,0.216221479011841,1.33026330572298,0,0,0.0874001933097931
"Endogenous sterols",150,0.248346499126852,1.49532115643518,0,0,0.0988474708936614
"Endosomal Sorting Complex Required For Transport ESCRT",1300,0.00793207908017489,0.0262402020784706,0,0,0.00171547393177024
"Energy dependent regulation of mTOR by LKB1_AMPK",800,0.0501842618712656,0.472148165811277,0,0,0.0127848416780313
"eNOS activation and regulation",100,0.432520774977552,1.85555453121178,0,0,0.175564313646888
"EPHA_mediated growth cone collapse",100,0.432520774977552,1.81916666928781,0,0,0.175564313646888
"EPHB_mediated forward signaling",100,0.396284600217291,2.09506634474948,0,0,0.163592407330622
"EPH_ephrin mediated repulsion of cells",100,0.507912705888594,2.42186705503069,0,0,0.199124850636478
"EPH_Ephrin signaling",100,0.432520774977552,1.98465277879914,0,0,0.175564313646888
"Ephrin signaling",250,0.713213354997251,3.89540581485892,0.0344827586206897,250,0.197561281236761
"ERBB2 Regulates Cell Motility",100,0,0,0,0,0
"ERCC6 CSB and EHMT2 G9a positively regulate rRNA expression",800,0.0334479581727712,0.338974519203323,0,0,0.00859223881833238
"ERKslashMAPK targets",300,0.110204083404141,1.03266635129517,0,0,0.0381942644111041
"ER_Phagosome pathway",800,0.0501842618712656,0.618328848670479,0,0,0.0127848416780313
"Eukaryotic Translation Elongation",1350,0.00000278814749443733,0.0000061642988263838,0,0,0.000000596492011567189
"Eukaryotic Translation Termination",100,0,0,0,0,0
"Export of Viral Ribonucleoproteins from Nucleus",1500,0.0676320802291537,0.776921172380835,0,0,0.0134200602867879
"Extension of Telomeres",350,0.0913475433705916,0.705190118565593,0,0,0.0304091802554487
"Fanconi Anemia Pathway",850,0.0473994531081529,0.33328923084459,0,0,0.0118232470584403
"Fatty acids",1150,0.0351383034562721,0.262983233546728,0,0,0.00786308898451562
"Fatty Acyl_CoA Biosynthesis",250,0.111642730528153,0.927036932497887,0,0,0.040926225851692
"FCERI mediated Ca+2 mobilization",800,0.0501842618712656,0.467424289615528,0,0,0.0127848416780313
"FCGR activation",100,0.432520774977552,1.91938897526464,0,0,0.175564313646888
"Fertilization",800,0.0501842618712656,0.563125270696303,0,0,0.0127848416780313
"FGFR1 ligand binding and activation",100,0,0,0,0,0
"FGFR1 mutant receptor activation",800,0.0415809701379728,0.553324605672069,0,0,0.0106384002711124
"FGFR2 alternative splicing",750,0.440493603035273,2.29209232446886,0,0,0.0952977532182548
"FGFR2 ligand binding and activation",100,0,0,0,0,0
"FGFR2 mutant receptor activation",150,0.248346499126852,1.53293443922362,0,0,0.0988474708936614
"Formation of a pool of free 40S subunits",100,0,0,0,0,0
"Formation of ATP by chemiosmotic coupling",100,0,0,0,0,0
"Formation of Fibrin Clot Clotting Cascade",800,0.0478846736446742,0.565357058044582,0,0,0.0122129228569631
"Formation of HIV_1 elongation complex containing HIV_1 Tat",150,0.195564469128387,1.24467409427983,0,0,0.0798427172153744
"Formation of HIV elongation complex in the absence of HIV Tat",150,0.192873353811812,1.24089181823738,0,0,0.0788466147309723
"Formation of Incision Complex in GG_NER",100,0,0,0,0,0
"Formation of RNA Pol II elongation complex",150,0.192873353811812,1.24089181823738,0,0,0.0788466147309723
"Formation of Senescence_Associated Heterochromatin Foci SAHF",300,0.110204083404141,0.888409242015384,0,0,0.0381942644111041
"Formation of TC_NER Pre_Incision Complex",150,0.161424951921007,1.10975064743478,0,0,0.0670052607634627
"Formation of the beta_catenin:TCF transactivating complex",150,0.201713210157623,1.32740222493506,0,0,0.0821086077219796
"Formation of the Early Elongation Complex",150,0.219272168844488,1.35360927097831,0,0,0.0885031329980381
"Formation of the HIV_1 Early Elongation Complex",150,0.219272168844488,1.35360927097831,0,0,0.0885031329980381
"Formation of the ternary complex and subsequently the 43S complex",100,0,0,0,0,0
"Formation of tubulin folding intermediates by CCTslashTriC",150,0.248346499126852,1.41660578273004,0,0,0.0988474708936614
"G0 and Early G1",800,0.0501842618712656,0.579651427180671,0,0,0.0127848416780313
"G1 Phase",800,0.0501842618712656,0.515125730698985,0,0,0.0127848416780313
"G1slashS DNA Damage Checkpoints",800,0.0441016503682966,0.54038103294704,0,0,0.0112692003529244
"G1slashS_Specific Transcription",100,0,0,0,0,0
"G2slashM DNA damage checkpoint",200,0.124660079968236,0.977056886548859,0,0,0.0485471003381046
"GABA B receptor activation",850,0.0473994531081529,0.367050481918687,0,0,0.0118232470584403
"GABA receptor activation",850,0.0473994531081529,0.367050481918687,0,0,0.0118232470584403
"GABA synthesis release reuptake and degradation",400,0.0596587619744678,0.686857615240651,0,0,0.0193046819028099
"G alpha 12slash13 signalling events",200,0.124289147278762,0.895497811256745,0,0,0.0484114375345627
"G alpha z signalling events",850,0.0473994531081529,0.483977576239665,0,0,0.0118232470584403
"Gamma carboxylation hypusine formation and arylsulfatase activation",800,0.0501842618712656,0.520697427894841,0,0,0.0127848416780313
"Gap_filling DNA repair synthesis and ligation in GG_NER",350,0.0913475433705916,0.705190118565593,0,0,0.0304091802554487
"Gap_filling DNA repair synthesis and ligation in TC_NER",150,0.155924595202395,1.17884056705024,0,0,0.0648956632221465
"Gap junction assembly",150,0.710091062605314,4.2638884807696,0.0344827586206897,150,0.228520841845628
"Gap junction trafficking",100,0.432520774977552,2.43861349870592,0,0,0.175564313646888
"Gap junction trafficking and regulation",150,0.8184257258807,4.71513702207623,0.0689655172413793,150,0.251208327961412
"G beta:gamma signalling through PI3Kgamma",850,0.0473994531081529,0.405801540461935,0,0,0.0118232470584403
"G beta:gamma signalling through PLC beta",300,0.110204083404141,0.888409242015384,0,0,0.0381942644111041
"Generation of second messenger molecules",100,0.432520774977552,2.01253980943266,0,0,0.175564313646888
"GLI3 is processed to GLI3R by the proteasome",800,0.0478846736446742,0.545117179705345,0,0,0.0122129228569631
"Global Genome Nucleotide Excision Repair GG_NER",350,0.0302297048220217,0.116902208873921,0,0,0.0103723907100999
"Glucagon_like Peptide_1 GLP1 regulates insulin secretion",850,0.0399074698090759,0.294260958476612,0,0,0.0099915451479144
"Glucagon signaling in metabolic regulation",850,0.0473994531081529,0.36881554926845,0,0,0.0118232470584403
"Glucagon_type ligand receptors",850,0.0473994531081529,0.374906571817173,0,0,0.0118232470584403
"Gluconeogenesis",750,1.91505920506216,31.4952797755534,0.724137931034483,150,0.228070393752184
"Glucose metabolism",650,4.2711933357734,63.4596513438482,0.96551724137931,150,0.277794670086271
"Glucose transport",1500,0.195679834722094,1.21639790794771,0,0,0.0364714038166304
"Glucuronidation",100,0,0,0,0,0
"Glutamate Binding Activation of AMPA Receptors and Synaptic Plasticity",1500,0.0676320802291537,0.480560697705718,0,0,0.0134200602867879
"Glutamate Neurotransmitter Release Cycle",800,0.0501842618712656,0.596233059083482,0,0,0.0127848416780313
"Glutathione conjugation",100,0.432520774977552,1.78253949116613,0,0,0.175564313646888
"Glycogen breakdown glycogenolysis",750,0.117364319767956,1.10266387280437,0,0,0.0296203023879786
"Glycogen synthesis",300,0.198315776317271,1.4954602555361,0,0,0.0658440021824166
"Glycolysis",750,4.91041931284589,89.9492061668,0.96551724137931,150,0.265507732095618
"Glycosphingolipid metabolism",150,0.235569880001177,1.44482217862701,0,0,0.0943387060858432
"Glyoxylate metabolism and glycine degradation",200,0.174635284563841,1.24018853627108,0,0,0.0663722393729974
"Golgi Associated Vesicle Biogenesis",100,0.432520774977552,2.38667810547692,0,0,0.175564313646888
"G_protein activation",850,0.0473994531081529,0.373108438544757,0,0,0.0118232470584403
"G_protein beta:gamma signalling",300,0.0834088661707972,0.760411204695139,0,0,0.0292912108697788
"G protein gated Potassium channels",850,0.0473994531081529,0.373108438544757,0,0,0.0118232470584403
"G_protein mediated events",300,0.110204083404141,0.855241632006745,0,0,0.0381942644111041
"GPVI_mediated activation cascade",850,0.0473994531081529,0.431958371245567,0,0,0.0118232470584403
"GRB2 events in ERBB2 signaling",800,0.0501842618712656,0.51031893771063,0,0,0.0127848416780313
"GRB2:SOS provides linkage to MAPK signaling for Integrins",100,0.432520774977552,1.87687438400111,0,0,0.175564313646888
"Growth hormone receptor signaling",1200,0.0223784687804792,0.0981908451723056,0,0,0.00495730836647428
"HDACs deacetylate histones",200,0.143029552645262,0.973677015483453,0,0,0.0552028816665859
"HDL_mediated lipid transport",100,0,0,0,0,0
"HDMs demethylate histones",800,0.0501842618712656,0.517472832617365,0,0,0.0127848416780313
"HDR through Homologous Recombination HRR",200,0.156330750534961,1.09121535444503,0,0,0.0599465356968862
"HDR through Single Strand Annealing SSA",200,0.174635284563841,1.31839715478429,0,0,0.0663722393729974
"Hedgehog ligand biogenesis",800,0.0501842618712656,0.605385125826152,0,0,0.0127848416780313
"Hedgehog  off  state",800,0.0334479581727712,0.379597166413105,0,0,0.00859223881833238
"Hedgehog  on  state",100,0.255256968713326,1.30383206867801,0,0,0.112641302875763
"Heparan sulfateslashheparin HS_GAG metabolism",100,0,0,0,0,0
"Hexose transport",100,0.40234106820667,2.48359513405861,0,0,0.165623691733435
"Hh mutants abrogate ligand secretion",800,0.0501842618712656,0.570374446249924,0,0,0.0127848416780313
"Hh mutants that don t undergo autocatalytic processing are degraded by ERAD",800,0.0501842618712656,0.570374446249924,0,0,0.0127848416780313
"Histidine lysine phenylalanine tyrosine proline and tryptophan catabolism",800,0.0501842618712656,0.570822006259047,0,0,0.0127848416780313
"HIV elongation arrest and recovery",150,0.216221479011841,1.33026330572298,0,0,0.0874001933097931
"HIV Transcription Elongation",150,0.195564469128387,1.24467409427983,0,0,0.0798427172153744
"HIV Transcription Initiation",150,0.207168130023784,1.39584403504634,0,0,0.084107186375047
"Homologous DNA Pairing and Strand Exchange",200,0.174635284563841,1.31839715478429,0,0,0.0663722393729974
"Hormone_sensitive lipase HSL_mediated triacylglycerol hydrolysis",100,0,0,0,0,0
"Host Interactions with Influenza Factors",1500,0.0676320802291537,0.738104883367302,0,0,0.0134200602867879
"HSF1 activation",100,0,0,0,0,0
"HSF1_dependent transactivation",800,0.033613511446293,0.307050735097237,0,0,0.00863405604004147
"HS_GAG biosynthesis",100,0,0,0,0,0
"HS_GAG degradation",100,0,0,0,0,0
"Hyaluronan metabolism",1150,0.0287103299520825,0.161671810137979,0,0,0.0064452382397078
"IKK complex recruitment mediated by RIP1",100,0.432520774977552,1.6724084469993,0,0,0.175564313646888
"IL_6_type cytokine receptor ligand interactions",200,0.889905702421549,4.88202017242746,0.0689655172413793,200,0.24409833941927
"Inactivation of APCslashC via direct inhibition of the APCslashC complex",100,0.432520774977552,3.18114061506432,0,0,0.175564313646888
"Inactivation recovery and regulation of the phototransduction cascade",800,0.0501842618712656,0.596233059083482,0,0,0.0127848416780313
"Incretin synthesis secretion and inactivation",150,0.248346499126852,1.79596129328665,0,0,0.0988474708936614
"Inflammasomes",100,0,0,0,0,0
"Inhibition of the proteolytic activity of APCslashC required for the onset of anaphase by mitotic spindle checkpoint components",100,0.432520774977552,3.18114061506432,0,0,0.175564313646888
"Inhibition  of voltage gated Ca2+ channels via Gbetaslashgamma subunits",850,0.0473994531081529,0.373108438544757,0,0,0.0118232470584403
"Initial triggering of complement",100,0,0,0,0,0
"Inositol phosphate metabolism",300,0.103460932066618,0.865606389499308,0,0,0.0359761793883671
"Insulin processing",800,0.0501842618712656,0.433095463051682,0,0,0.0127848416780313
"Insulin receptor recycling",1400,0.00751026205149644,0.021091300379404,0,0,0.00157795679702223
"Integrin alphaIIb beta3 signaling",1350,0.810109997030179,4.6831412842871,0.0344827586206897,1350,0.11877685011112
"Integrin cell surface interactions",100,0.390634500839599,2.53763647217835,0,0,0.161686291198686
"Interaction between L1 and Ankyrins",100,0,0,0,0,0
"Interactions of Rev with host cellular proteins",1500,0.0676320802291537,0.745460459427722,0,0,0.0134200602867879
"Interactions of Vpr with host cellular proteins",1500,0.0676320802291537,0.74107373911575,0,0,0.0134200602867879
"Interferon alphaslashbeta signaling",1500,0.00239637905374318,0.00974795521050644,0,0,0.000491179603873554
"Interferon gamma signaling",350,0.0657567080296636,0.719233718460736,0,0,0.0221682871656587
"Interleukin_1 signaling",100,0.314792445230457,1.49028116734987,0,0,0.13502981942448
"Interleukin_6 family signaling",100,0.651684551231881,3.82352817366901,0,0,0.239416447901532
"Intraflagellar transport",100,0.432520774977552,1.80762311631443,0,0,0.175564313646888
"Intra_Golgi traffic",800,0.0501842618712656,0.561990383106083,0,0,0.0127848416780313
"Intrinsic Pathway for Apoptosis",250,0.101548257952165,0.910479774056916,0,0,0.0374107810985719
"Intrinsic Pathway of Fibrin Clot Formation",1500,0.0676320802291537,0.637270320233329,0,0,0.0134200602867879
"Inwardly rectifying K+ channels",850,0.0473994531081529,0.382911201180416,0,0,0.0118232470584403
"Ion homeostasis",1150,0.0231915834471524,0.103748553807836,0,0,0.00522064774439208
"Ion transport by P_type ATPases",100,0.432520774977552,1.8445984775776,0,0,0.175564313646888
"IRE1alpha activates chaperones",100,0.304432550332654,1.40563269326712,0,0,0.131229113247895
"Iron uptake and transport",100,0.408223332930681,1.71816028175391,0,0,0.167584808138453
"ISG15 antiviral mechanism",100,0.432520774977552,1.81755092467586,0,0,0.175564313646888
"JNK c_Jun kinases phosphorylation and  activation mediated by activated human TAK1",1450,0.00759898428137854,0.0146321591472409,0,0,0.00157453486299932
"Keratan sulfate biosynthesis",1100,0.0313491513551788,0.166904426845798,0,0,0.00714976701639462
"Keratan sulfateslashkeratin metabolism",1100,0.0313491513551788,0.1515175201,0,0,0.00714976701639462
"Kinesins",100,0.432520774977552,1.83379661976327,0,0,0.175564313646888
"KSRP KHSRP binds and destabilizes mRNA",800,0.0501842618712656,0.512696258434901,0,0,0.0127848416780313
"L1CAM interactions",100,0.314792445230457,1.64227647282619,0,0,0.13502981942448
"Lagging Strand Synthesis",350,0.0913475433705916,0.730273743713895,0,0,0.0304091802554487
"Laminin interactions",1450,0.0252490457586111,0.0719610965792501,0,0,0.00518584501743014
"Ligand_dependent caspase activation",100,0.432520774977552,2.29595263293815,0,0,0.175564313646888
"Ligand_gated ion channel transport",100,0,0,0,0,0
"Lipid digestion mobilization and transport",100,0.432520774977552,1.82536455520043,0,0,0.175564313646888
"Lipoprotein metabolism",100,0.432520774977552,2.00548522075842,0,0,0.175564313646888
"Loss of Nlp from mitotic centrosomes",400,0.0366378488010849,0.469918168034082,0,0,0.0119916016602633
"Loss of proteins required for interphase microtubule organizationÂ from the centrosome",400,0.0366378488010849,0.469918168034082,0,0,0.0119916016602633
"Lysosome Vesicle Biogenesis",100,0.408223332930681,2.46245030877099,0,0,0.167584808138453
"Macroautophagy",150,0.142711318029725,0.927907537908461,0,0,0.0597801934156296
"MAP2K and MAPK activation",100,0.517986369934624,2.11610816629122,0,0,0.202140550733741
"MAP3K8 TPL2_dependent MAPK1slash3 activation",100,0.432520774977552,1.80762311631443,0,0,0.175564313646888
"MAPK6slashMAPK4 signaling",100,0.231403879299752,1.29998674007863,0,0,0.103290522088204
"MAP kinase activation in TLR cascade",100,0.255256968713326,1.48304496577925,0,0,0.112641302875763
"MAPK targetsslash Nuclear events mediated by MAP kinases",300,0.100883812478174,0.880349572135738,0,0,0.0351245061064453
"Meiosis",200,0.126551152394199,0.660156573837852,0,0,0.0492379486735578
"Meiotic recombination",200,0.15652093778257,1.03212165605057,0,0,0.060013906360885
"Meiotic synapsis",1200,0.00385880908847064,0.0139479235701361,0,0,0.000862743231231253
"Metabolism of Angiotensinogen to Angiotensins",250,0.132006369861702,1.00635302588777,0,0,0.0479108623032712
"Metabolism of fat_soluble vitamins",800,0.0501842618712656,0.481422787747672,0,0,0.0127848416780313
"Metabolism of folate and pterines",100,0,0,0,0,0
"Metabolism of nitric oxide",100,0.432520774977552,1.85555453121178,0,0,0.175564313646888
"Metabolism of non_coding RNA",250,0.0963307906626804,0.950819315245114,0,0,0.0355798163884467
"Metabolism of nucleotides",150,0.695495101089648,3.05880375379092,0,0,0.22527193549463
"Metabolism of polyamines",800,0.0501842618712656,0.628680166000863,0,0,0.0127848416780313
"Metabolism of porphyrins",800,0.0501842618712656,0.520022811223433,0,0,0.0127848416780313
"Metabolism of steroid hormones",100,0,0,0,0,0
"Metabolism of water_soluble vitamins and cofactors",800,0.0501842618712656,0.570374446249924,0,0,0.0127848416780313
"Metal ion SLC transporters",400,0.0596587619744678,0.686857615240651,0,0,0.0193046819028099
"MicroRNA miRNA biogenesis",100,0.432520774977552,2.25341731963785,0,0,0.175564313646888
"Miscellaneous transport and binding events",100,0,0,0,0,0
"Mismatch Repair",100,0,0,0,0,0
"Misspliced GSK3beta mutants stabilize beta_catenin",750,0.117364319767956,1.04025268937352,0,0,0.0296203023879786
"Mitochondrial biogenesis",150,0.195564469128387,1.22318978457433,0,0,0.0798427172153744
"Mitochondrial Fatty Acid Beta_Oxidation",250,0.111642730528153,1.00005197254354,0,0,0.040926225851692
"Mitochondrial protein import",300,0.0684121854775463,0.767171044344913,0,0,0.02420325986837
"Mitochondrial translation",150,0.121287417607248,0.972922370630166,0,0,0.0513410175894256
"Mitochondrial translation elongation",150,0.123215533521754,0.998837289276383,0,0,0.0521079548732215
"Mitochondrial translation initiation",150,0.123215533521754,1.00665518417932,0,0,0.0521079548732215
"Mitochondrial translation termination",150,0.123215533521754,0.988624490047322,0,0,0.0521079548732215
"Mitochondrial tRNA aminoacylation",1450,0.0221696588950077,0.0358662573020507,0,0,0.00456036509735112
"Mitophagy",800,0.0415809701379728,0.388962302876566,0,0,0.0106384002711124
"Mitotic Spindle Checkpoint",100,0.432520774977552,3.18114061506432,0,0,0.175564313646888
"Molecules associated with elastic fibres",800,0.0501842618712656,0.589805085579292,0,0,0.0127848416780313
"mRNA 3 _end processing",250,0.0810170425539024,0.710442245830397,0,0,0.0301502670255921
"mRNA Capping",150,0.243259521592432,1.48978884087796,0,0,0.0970592169864852
"mRNA decay by 5  to 3  exoribonuclease",800,0.0501842618712656,0.596233059083482,0,0,0.0127848416780313
"mRNA Splicing _ Minor Pathway",150,0.16593591801143,1.14544394117344,0,0,0.0687267495839321
"MslashG1 Transition",800,0.0501842618712656,0.651679300035141,0,0,0.0127848416780313
"mTORC1_mediated signalling",800,0.0415809701379728,0.403463238494977,0,0,0.0106384002711124
"mTOR signalling",800,0.0478846736446742,0.487968256060687,0,0,0.0122129228569631
"MyD88 cascade initiated on plasma membrane",100,0.231763917830088,1.49723282733707,0,0,0.10343332707641
"MyD88 dependent cascade initiated on endosome",100,0.231403879299752,1.63240322087123,0,0,0.103290522088204
"MyD88_independent TLR3slashTLR4 cascade",100,0.426284816965317,2.45525382335493,0,0,0.173534825002886
"MyD88:Mal cascade initiated on plasma membrane",100,0.218401752960134,1.45889367441246,0,0,0.0980987766117639
"Myogenesis",950,0.0368374054957634,0.299820639042492,0,0,0.00885970835268578
"Na+slashCl_ dependent neurotransmitter transporters",100,0,0,0,0,0
"NCAM1 interactions",1450,0.023901398023751,0.0659031399531806,0,0,0.00491235005977221
"Nef_mediates down modulation of cell surface receptors by recruiting them to clathrin adapters",100,0.432520774977552,2.1021939470266,0,0,0.175564313646888
"Negative epigenetic regulation of rRNA expression",150,0.15016518406772,1.23993662214807,0,0,0.062674236884742
"Negative regulation of FGFR1 signaling",100,0.432520774977552,1.84754990184854,0,0,0.175564313646888
"Negative regulation of FGFR2 signaling",100,0.432520774977552,1.84754990184854,0,0,0.175564313646888
"Negative regulation of FGFR3 signaling",100,0.432520774977552,1.84754990184854,0,0,0.175564313646888
"Negative regulation of FGFR4 signaling",100,0.432520774977552,1.84754990184854,0,0,0.175564313646888
"Negative regulation of MAPK pathway",150,0.207168130023784,1.35358219390706,0,0,0.084107186375047
"Negative regulation of TCF_dependent signaling by WNT ligand antagonists",100,0,0,0,0,0
"Negative regulation of the PI3KslashAKT network",100,0.309496678805804,1.60888688422861,0,0,0.133091895729681
"Negative regulators of RIG_IslashMDA5 signaling",150,0.207168130023784,1.34960676771564,0,0,0.084107186375047
"Nephrin interactions",1100,0.0313491513551788,0.151901508911835,0,0,0.00714976701639462
"NEPslashNS2 Interacts with the Cellular Export Machinery",1500,0.0676320802291537,0.77765268102437,0,0,0.0134200602867879
"Netrin_1 signaling",100,0.432520774977552,1.6978933389997,0,0,0.175564313646888
"Neurotransmitter Release Cycle",400,0.0596587619744678,0.699935472613841,0,0,0.0193046819028099
"N_Glycan antennae elongation",950,0.0368374054957634,0.282266375647571,0,0,0.00885970835268578
"N_glycan antennae elongation in the medialslashtrans_Golgi",950,0.0368374054957634,0.251889224145144,0,0,0.00885970835268578
"N_glycan trimming in the ER and CalnexinslashCalreticulin cycle",800,0.0501842618712656,0.459829575766972,0,0,0.0127848416780313
"NIK__>noncanonical NF_kB signaling",200,0.124289147278762,0.961312120379163,0,0,0.0484114375345627
"Nitric oxide stimulates guanylate cyclase",1150,0.0351383034562721,0.262983233546728,0,0,0.00786308898451562
"NOD1slash2 Signaling Pathway",300,0.0999198552868357,0.606516688968139,0,0,0.034805378018312
"Nonhomologous End_Joining NHEJ",200,0.156330750534961,0.847128585264745,0,0,0.0599465356968862
"Non_integrin membrane_ECM interactions",1350,0.00925245522726365,0.032418299856981,0,0,0.00197032963313161
"Nonsense Mediated Decay NMD independent of the Exon Junction Complex EJC",100,0,0,0,0,0
"NoRC negatively regulates rRNA expression",150,0.155924595202395,1.25104358948342,0,0,0.0648956632221465
"Norepinephrine Neurotransmitter Release Cycle",100,0,0,0,0,0
"NOTCH1 Intracellular Domain Regulates Transcription",150,0.192252277835408,1.43018975687421,0,0,0.0786163456884365
"NOTCH2 Activation and Transmission of Signal to the Nucleus",150,0.248346499126852,1.35234276021581,0,0,0.0988474708936614
"NRAGE signals death through JNK",200,0.161999613171234,1.15542996699534,0,0,0.0619491451856358
"NRIF signals cell death from the nucleus",100,0,0,0,0,0
"NS1 Mediated Effects on Host Pathways",1500,0.0676320802291537,0.738104883367302,0,0,0.0134200602867879
"Nuclear Envelope Breakdown",800,0.0501842618712656,0.66414424071718,0,0,0.0127848416780313
"Nuclear Events kinase and transcription factor activation",300,0.110204083404141,0.989503852842666,0,0,0.0381942644111041
"Nuclear import of Rev protein",1500,0.0676320802291537,0.77765268102437,0,0,0.0134200602867879
"Nuclear Pore Complex NPC Disassembly",1500,0.0676320802291537,0.77765268102437,0,0,0.0134200602867879
"Nuclear Receptor transcription pathway",200,0.265550300954061,1.66490834877925,0,0,0.0966012832002788
"Nuclear signaling by ERBB4",950,0.0368374054957634,0.250198668706666,0,0,0.00885970835268578
"Nucleosome assembly",900,0.0318745142587768,0.264979149391573,0,0,0.00784296913219359
"Nucleotide_binding domain leucine rich repeat containing receptor NLR signaling pathways",300,0.0672597649637281,0.342175395956433,0,0,0.0238091099480385
"Nucleotide_like purinergic receptors",900,1.76896883777282,21.4024656760665,0.517241379310345,750,0.207372819910546
"O_glycosylation of TSR domain_containing proteins",100,0.442221180721719,2.08200205463293,0,0,0.178696256325967
"O_linked glycosylation of mucins",1100,0.0313491513551788,0.259030398669346,0,0,0.00714976701639462
"Oncogene Induced Senescence",100,0.426284816965317,1.7303421352126,0,0,0.173534825002886
"Opioid Signalling",300,0.110204083404141,0.876106303383352,0,0,0.0381942644111041
"Orc1 removal from chromatin",800,0.0501842618712656,0.655105762060469,0,0,0.0127848416780313
"Other semaphorin interactions",1200,0.0223784687804792,0.121835190295165,0,0,0.00495730836647428
"Oxidative Stress Induced Senescence",100,0.248860220756543,1.02217575026912,0,0,0.110155524950121
"Oxygen_dependent proline hydroxylation of Hypoxia_inducible Factor Alpha",100,0.432520774977552,1.85555453121178,0,0,0.175564313646888
"p130Cas linkage to MAPK signaling for integrins",100,0.432520774977552,1.86949019704114,0,0,0.175564313646888
"p53_Dependent G1 DNA Damage Response",800,0.0441016503682966,0.54038103294704,0,0,0.0112692003529244
"p53_Dependent G1slashS DNA damage checkpoint",800,0.0441016503682966,0.54038103294704,0,0,0.0112692003529244
"p53_Independent DNA Damage Response",800,0.0501842618712656,0.559714286571487,0,0,0.0127848416780313
"p53_Independent G1slashS DNA damage checkpoint",800,0.0501842618712656,0.559714286571487,0,0,0.0127848416780313
"p75 NTR receptor_mediated signalling",100,0.248860220756543,1.59966551173313,0,0,0.110155524950121
"p75NTR signals via NF_kB",100,0.432520774977552,2.00031511859442,0,0,0.175564313646888
"Packaging Of Telomere Ends",1200,0.0188919587483615,0.0805569703606831,0,0,0.00419224869804435
"Pausing and recovery of HIV elongation",150,0.216221479011841,1.33026330572298,0,0,0.0874001933097931
"Pausing and recovery of Tat_mediated HIV elongation",150,0.219272168844488,1.33582072525651,0,0,0.0885031329980381
"PCNA_Dependent Long Patch Base Excision Repair",350,0.0913475433705916,0.778205158611243,0,0,0.0304091802554487
"PCPslashCE pathway",800,0.0501842618712656,0.576747927489215,0,0,0.0127848416780313
"PD_1 signaling",100,0.432520774977552,2.19816217909142,0,0,0.175564313646888
"Peptide chain elongation",100,0,0,0,0,0
"Peptide hormone metabolism",150,0.195564469128387,1.41323182832039,0,0,0.0798427172153744
"PERK regulates gene expression",800,0.0501842618712656,0.605356788677545,0,0,0.0127848416780313
"Peroxisomal lipid metabolism",250,0.111642730528153,0.952120557646189,0,0,0.040926225851692
"Phase 0 _ rapid depolarisation",1150,0.0287103299520825,0.160095154278925,0,0,0.0064452382397078
"Phase 1 _ Functionalization of compounds",100,0.432520774977552,2.03509984674836,0,0,0.175564313646888
"Phase 1 _ inactivation of fast Na+ channels",1450,0.0252490457586111,0.0719610965792501,0,0,0.00518584501743014
"Phase 2 _ plateau phase",1450,0.0252490457586111,0.0719610965792501,0,0,0.00518584501743014
"Phase 4 _ resting membrane potential",150,0.248346499126852,1.51609410482751,0,0,0.0988474708936614
"Phospholipase C_mediated cascade: FGFR1",800,0.0478846736446742,0.492434274677882,0,0,0.0122129228569631
"Phospholipase C_mediated cascade FGFR2",800,0.0478846736446742,0.490110230650653,0,0,0.0122129228569631
"Phospholipase C_mediated cascade FGFR3",800,0.0478846736446742,0.490110230650653,0,0,0.0122129228569631
"Phospholipase C_mediated cascade FGFR4",850,0.0451400969718449,0.447518643474741,0,0,0.0112723055205916
"Phosphorylation of CD3 and TCR zeta chains",100,0.432520774977552,2.19816217909142,0,0,0.175564313646888
"Phosphorylation of the APCslashC",100,0.432520774977552,3.18114061506432,0,0,0.175564313646888
"phosphorylation site mutants of CTNNB1 are not targeted to the proteasome by the destruction complex",750,0.117364319767956,1.04025268937352,0,0,0.0296203023879786
"PI3K Cascade",250,0.080836676446158,0.74355923310569,0,0,0.0300858208008926
"PI3K events in ERBB2 signaling",1150,0.0351383034562721,0.199448934997347,0,0,0.00786308898451562
"PI3KslashAKT Signaling in Cancer",350,0.0544895702933239,0.599128960347078,0,0,0.0184725806570585
"PI5P PP2A and IER3 Regulate PI3KslashAKT Signaling",100,0.322925809779028,1.65218066911881,0,0,0.137986215929679
"PI Metabolism",250,0.0810170425539024,0.668448161502075,0,0,0.0301502670255921
"PinkslashParkin Mediated Mitophagy",800,0.0415809701379728,0.388962302876566,0,0,0.0106384002711124
"PIWI_interacting RNA piRNA biogenesis",150,0.248346499126852,1.53293443922362,0,0,0.0988474708936614
"PKA activation",100,0,0,0,0,0
"PKA activation in glucagon signalling",100,0,0,0,0,0
"PKA_mediated phosphorylation of CREB",100,0,0,0,0,0
"PKB_mediated events",850,0.0451400969718449,0.471840455350785,0,0,0.0112723055205916
"PKMTs methylate histone lysines",950,0.0194613441249556,0.136827547349479,0,0,0.00472126834435774
"Platelet Aggregation Plug Formation",100,0.432520774977552,2.96214345990656,0,0,0.175564313646888
"Platelet calcium homeostasis",100,0,0,0,0,0
"Platelet homeostasis",300,0.0672597649637281,0.785694997890518,0,0,0.0238091099480385
"Platelet sensitization by LDL",750,0.117364319767956,1.13853570927307,0,0,0.0296203023879786
"PLC beta mediated events",300,0.110204083404141,0.855241632006745,0,0,0.0381942644111041
"PLC_gamma1 signalling",800,0.0501842618712656,0.515193855798956,0,0,0.0127848416780313
"Polo_like kinase mediated events",100,0,0,0,0,0
"Positive epigenetic regulation of rRNA expression",150,0.157109801200866,1.22091876277284,0,0,0.0653512164167027
"Post_chaperonin tubulin folding pathway",100,0,0,0,0,0
"Post_Elongation Processing of Intron_Containing pre_mRNA",250,0.0810170425539024,0.710442245830397,0,0,0.0301502670255921
"Post_Elongation Processing of Intronless pre_mRNA",1150,0.0231915834471524,0.103748553807836,0,0,0.00522064774439208
"Post_Elongation Processing of the Transcript",250,0.080836676446158,0.630890715102622,0,0,0.0300858208008926
"Post NMDA receptor activation events",1150,0.0287103299520825,0.146019777035856,0,0,0.0064452382397078
"Post_translational modification: synthesis of GPI_anchored proteins",300,0.110204083404141,0.873093098790058,0,0,0.0381942644111041
"Potassium Channels",100,0.396284600217291,1.8665463907552,0,0,0.163592407330622
"PRC2 methylates histones and DNA",100,0,0,0,0,0
"Prefoldin mediated transfer of substrate  to CCTslashTriC",150,0.248346499126852,1.36790292559419,0,0,0.0988474708936614
"Pre_NOTCH Expression and Processing",100,0.651684551231881,2.65863698248096,0,0,0.239416447901532
"Pre_NOTCH Processing in Golgi",100,0.651684551231881,2.63405258827494,0,0,0.239416447901532
"Pre_NOTCH Transcription and Translation",100,0.517986369934624,2.45451641513035,0,0,0.202140550733741
"Presynaptic function of Kainate receptors",300,0.110204083404141,0.888409242015384,0,0,0.0381942644111041
"Presynaptic phase of homologous DNA pairing and strand exchange",200,0.174635284563841,1.31839715478429,0,0,0.0663722393729974
"Processing of Capped Intronless Pre_mRNA",1150,0.0231915834471524,0.103748553807836,0,0,0.00522064774439208
"Processing of DNA double_strand break ends",200,0.12253570097361,0.992004838499006,0,0,0.0477694604786832
"Processing of Intronless Pre_mRNAs",1150,0.0287103299520825,0.120552357556656,0,0,0.0064452382397078
"Processive synthesis on the lagging strand",100,0,0,0,0,0
"Prolactin receptor signaling",100,0,0,0,0,0
"Prostacyclin signalling through prostacyclin receptor",850,0.0473994531081529,0.374906571817173,0,0,0.0118232470584403
"PTK6 Regulates RHO GTPases RAS GTPase and MAP kinases",850,0.0473994531081529,0.334979786283068,0,0,0.0118232470584403
"Purine metabolism",100,0.426284816965317,1.96624958233067,0,0,0.173534825002886
"Pyrimidine metabolism",100,0.432520774977552,1.85555453121178,0,0,0.175564313646888
"Pyruvate metabolism",200,0.265550300954061,1.6227572839729,0,0,0.0966012832002788
"Pyruvate metabolism and Citric Acid TCA cycle",150,0.248346499126852,1.7851064277417,0,0,0.0988474708936614
"RA biosynthesis pathway",100,0,0,0,0,0
"RAF activation",100,0.432520774977552,1.96394732281913,0,0,0.175564313646888
"RAF_independent MAPK1slash3 activation",150,0.248346499126852,1.47049899088827,0,0,0.0988474708936614
"Rap1 signalling",200,0.174635284563841,1.34316356651023,0,0,0.0663722393729974
"Ras activation uopn Ca2+ infux through NMDA receptor",1150,0.0351383034562721,0.168099783642169,0,0,0.00786308898451562
"Recognition of DNA damage by PCNA_containing replication complex",350,0.0913475433705916,0.620543966399163,0,0,0.0304091802554487
"Recruitment and ATM_mediated phosphorylation of repair and signaling proteins at DNA double strand breaks",200,0.156330750534961,0.653462213500267,0,0,0.0599465356968862
"Recruitment of mitotic centrosome proteins and complexes",400,0.0326269119941326,0.39232415510835,0,0,0.0107001320108985
"Recycling of bile acids and salts",150,0.248346499126852,1.63978087391121,0,0,0.0988474708936614
"Recycling pathway of L1",100,0.432520774977552,1.79148656070456,0,0,0.175564313646888
"Regulated Necrosis",200,0.174635284563841,1.16668262774413,0,0,0.0663722393729974
"Regulation of actin dynamics for phagocytic cup formation",200,0.126551152394199,1.03207523687917,0,0,0.0492379486735578
"Regulation of activated PAK_2p34 by proteasome mediated degradation",800,0.0501842618712656,0.559714286571487,0,0,0.0127848416780313
"Regulation of APCslashC activators between G1slashS and early anaphase",100,0.24981339257802,1.55120239488137,0,0,0.110526936680779
"Regulation of Apoptosis",800,0.0501842618712656,0.559714286571487,0,0,0.0127848416780313
"Regulation of beta_cell development",200,0.245584386819293,1.39143437478436,0,0,0.0901961341546581
"Regulation of cholesterol biosynthesis by SREBP SREBF",100,0.432520774977552,2.89106615513059,0,0,0.175564313646888
"Regulation of Complement cascade",250,0.111642730528153,0.982497709148616,0,0,0.040926225851692
"Regulation of DNA replication",800,0.0501842618712656,0.653746850147549,0,0,0.0127848416780313
"Regulation of FZD by ubiquitination",100,0,0,0,0,0
"Regulation of gene expression in beta cells",1450,0.0252490457586111,0.0719610965792501,0,0,0.00518584501743014
"Regulation of Glucokinase by Glucokinase Regulatory Protein",1500,0.0676320802291537,0.77765268102437,0,0,0.0134200602867879
"Regulation of HSF1_mediated heat shock response",250,0.0711013614940913,0.84126066536188,0,0,0.0265900139336617
"Regulation of Hypoxia_inducible Factor HIF by oxygen",100,0.432520774977552,1.81545496580923,0,0,0.175564313646888
"Regulation of IFNA signaling",1100,0.0313491513551788,0.222131701952978,0,0,0.00714976701639462
"Regulation of innate immune responses to cytosolic DNA",100,0,0,0,0,0
"Regulation of Insulin_like Growth Factor IGF transport and uptake by Insulin_like Growth Factor Binding Proteins IGFBPs",100,0,0,0,0,0
"Regulation of insulin secretion",300,0.0834088661707972,0.758355853151764,0,0,0.0292912108697788
"Regulation of KIT signaling",100,0.432520774977552,2.55711336597727,0,0,0.175564313646888
"Regulation of mitotic cell cycle",100,0.248860220756543,1.53615101103271,0,0,0.110155524950121
"Regulation of mRNA stability by proteins that bind AU_rich elements",800,0.0501842618712656,0.529328199544139,0,0,0.0127848416780313
"Regulation of ornithine decarboxylase ODC",350,0.0523827355395865,0.675970845880367,0,0,0.0177768898742399
"Regulation of PLK1 Activity at G2slashM Transition",400,0.0567178753920843,0.530687053164104,0,0,0.0183797999354441
"Regulation of RAS by GAPs",850,0.0473994531081529,0.530629050965389,0,0,0.0118232470584403
"Regulation of signaling by CBL",850,0.0473994531081529,0.382911201180416,0,0,0.0118232470584403
"Regulation of TNFR1 signaling",800,0.0334479581727712,0.394063339317854,0,0,0.00859223881833238
"Regulation of TP53 Activity through Acetylation",100,0.432520774977552,1.84754990184854,0,0,0.175564313646888
"Regulation of TP53 Activity through Methylation",100,0,0,0,0,0
"Regulation of TP53 Activity through Phosphorylation",200,0.095341110891288,0.96891724384997,0,0,0.0376674255589863
"Regulation of TP53 Degradation",800,0.0501842618712656,0.511690962533547,0,0,0.0127848416780313
"Regulation of TP53 Expression and Degradation",800,0.0501842618712656,0.511690962533547,0,0,0.0127848416780313
"Removal of licensing factors from origins",800,0.0501842618712656,0.655105762060469,0,0,0.0127848416780313
"Reproduction",800,0.0501842618712656,0.563125270696303,0,0,0.0127848416780313
"Resolution of Abasic Sites AP sites",350,0.0849044287495453,0.631497251244006,0,0,0.0283541571893699
"Resolution of AP sites via the multiple_nucleotide patch replacement pathway",350,0.0913475433705916,0.778205158611243,0,0,0.0304091802554487
"Resolution of D_Loop Structures",200,0.174635284563841,1.1573043793382,0,0,0.0663722393729974
"Resolution of D_loop Structures through Holliday Junction Intermediates",200,0.174635284563841,1.18776511448057,0,0,0.0663722393729974
"Resolution of D_loop Structures through Synthesis_Dependent Strand Annealing SDSA",200,0.174635284563841,1.21129416818206,0,0,0.0663722393729974
"Resolution of Sister Chromatid Cohesion",300,0.181688127215274,1.76902574346058,0,0,0.0608109633277785
"Respiratory electron transport",750,0.0197036764690686,0.241041084629205,0,0,0.00521873454981509
"Retinoid metabolism and transport",100,0,0,0,0,0
"Retrograde transport at the Trans_Golgi_Network",850,0.0473994531081529,0.484196141011614,0,0,0.0118232470584403
"Rev_mediated nuclear export of HIV RNA",1500,0.0676320802291537,0.752788185036009,0,0,0.0134200602867879
"RHO GTPases activate CIT",100,0,0,0,0,0
"RHO GTPases activate PAKs",250,0.111642730528153,1.10153251111088,0,0,0.040926225851692
"RHO GTPases activate PKNs",350,0.0657567080296636,0.409651494087081,0,0,0.0221682871656587
"RHO GTPases Activate ROCKs",350,0.0913475433705916,0.731300161607853,0,0,0.0304091802554487
"RHO GTPases Activate WASPs and WAVEs",200,0.161999613171234,1.00463604179278,0,0,0.0619491451856358
"Ribosomal scanning and start codon recognition",100,0,0,0,0,0
"RIG_IslashMDA5 mediated induction of IFN_alphaslashbeta pathways",100,0.248860220756543,1.85737680698517,0,0,0.110155524950121
"RIPK1_mediated regulated necrosis",200,0.174635284563841,1.16668262774413,0,0,0.0663722393729974
"RIP_mediated NFkB activation via ZBP1",100,0.432520774977552,2.38636886419998,0,0,0.175564313646888
"RMTs methylate histone arginines",250,0.102224250566896,0.949190904969225,0,0,0.0376473087705316
"RNA Pol II CTD phosphorylation and interaction with CE",150,0.248346499126852,1.51192847268471,0,0,0.0988474708936614
"RNA Polymerase I Chain Elongation",150,0.207168130023784,1.3437794312714,0,0,0.084107186375047
"RNA Polymerase II HIV Promoter Escape",150,0.207168130023784,1.39584403504634,0,0,0.084107186375047
"RNA Polymerase III Abortive And Retractive Initiation",150,0.219272168844488,1.53420120018951,0,0,0.0885031329980381
"RNA Polymerase III Chain Elongation",150,0.248346499126852,1.63936375504702,0,0,0.0988474708936614
"RNA Polymerase III Transcription",150,0.219272168844488,1.53420120018951,0,0,0.0885031329980381
"RNA Polymerase III Transcription Initiation",150,0.230801979551465,1.61017889929677,0,0,0.0926413380729055
"RNA Polymerase III Transcription Initiation From Type 1 Promoter",150,0.248346499126852,1.73376183949266,0,0,0.0988474708936614
"RNA Polymerase III Transcription Initiation From Type 2 Promoter",150,0.248346499126852,1.73693671620877,0,0,0.0988474708936614
"RNA Polymerase III Transcription Initiation From Type 3 Promoter",150,0.248346499126852,1.57130381987288,0,0,0.0988474708936614
"RNA Polymerase III Transcription Termination",150,0.248346499126852,1.58865691360694,0,0,0.0988474708936614
"RNA Polymerase II Pre_transcription Events",150,0.14832383958378,1.10841632296696,0,0,0.061961320125414
"RNA Polymerase II Promoter Escape",150,0.207168130023784,1.39584403504634,0,0,0.084107186375047
"RNA polymerase II transcribes snRNA genes",100,0.248860220756543,1.6098355601339,0,0,0.110155524950121
"RNA Polymerase II Transcription Elongation",150,0.192873353811812,1.24089181823738,0,0,0.0788466147309723
"RNA Polymerase II Transcription Initiation",150,0.207168130023784,1.39584403504634,0,0,0.084107186375047
"RNA Polymerase II Transcription Initiation And Promoter Clearance",150,0.207168130023784,1.39584403504634,0,0,0.084107186375047
"RNA Polymerase II Transcription Pre_Initiation And Promoter Opening",150,0.207168130023784,1.39584403504634,0,0,0.084107186375047
"RNA Polymerase II Transcription Termination",250,0.080836676446158,0.630890715102622,0,0,0.0300858208008926
"RNA Polymerase I Promoter Clearance",150,0.155924595202395,1.23586094679641,0,0,0.0648956632221465
"RNA Polymerase I Promoter Escape",150,0.248346499126852,1.47165403070957,0,0,0.0988474708936614
"RNA Polymerase I Promoter Opening",1500,0.00703317486586234,0.0135810383279075,0,0,0.00143823597888358
"RNA Polymerase I Transcription",150,0.153816747017927,1.22396413892871,0,0,0.064084142308812
"RNA Polymerase I Transcription Initiation",150,0.207168130023784,1.36293011609191,0,0,0.084107186375047
"RNA Polymerase I Transcription Termination",150,0.248346499126852,1.47165403070957,0,0,0.0988474708936614
"Role of phospholipids in phagocytosis",800,0.0501842618712656,0.523900806121554,0,0,0.0127848416780313
"RORA activates gene expression",150,0.243259521592432,1.43093206985441,0,0,0.0970592169864852
"ROS RNS production in response to bacteria",100,0.432520774977552,1.83051488753955,0,0,0.175564313646888
"rRNA modification in the nucleus",800,0.033613511446293,0.428388908847435,0,0,0.00863405604004147
"S33 mutants of beta_catenin aren t phosphorylated",750,0.117364319767956,1.04025268937352,0,0,0.0296203023879786
"S37 mutants of beta_catenin aren t phosphorylated",750,0.117364319767956,1.04025268937352,0,0,0.0296203023879786
"S45 mutants of beta_catenin aren t phosphorylated",750,0.117364319767956,1.04025268937352,0,0,0.0296203023879786
"SALM protein interactions at the synapse",100,0,0,0,0,0
"Scavenging by Class A Receptors",100,0.442221180721719,2.08200205463293,0,0,0.178696256325967
"Scavenging of heme from plasma",100,0,0,0,0,0
"SCF_beta_TrCP mediated degradation of Emi1",800,0.0501842618712656,0.553286313067297,0,0,0.0127848416780313
"SCFSkp2_mediated degradation of p27slashp21",800,0.0478846736446742,0.553797568944476,0,0,0.0122129228569631
"Selenocysteine synthesis",100,0,0,0,0,0
"Sema3A PAK dependent Axon repulsion",250,0.111642730528153,0.970389021258986,0,0,0.040926225851692
"Sema4D induced cell migration and growth_cone collapse",100,0,0,0,0,0
"Sema4D in semaphorin signaling",100,0,0,0,0,0
"Semaphorin interactions",150,0.182540595326144,1.12132592357456,0,0,0.0749969944567785
"Senescence_Associated Secretory Phenotype SASP",100,0.432520774977552,2.3813444341442,0,0,0.175564313646888
"Serotonin Neurotransmitter Release Cycle",100,0,0,0,0,0
"SHC1 events in ERBB2 signaling",800,0.0501842618712656,0.502992384922098,0,0,0.0127848416780313
"SHC_mediated cascade:FGFR1",800,0.0501842618712656,0.502992384922098,0,0,0.0127848416780313
"SHC_mediated cascade:FGFR2",800,0.0501842618712656,0.485438121527177,0,0,0.0127848416780313
"SHC_mediated cascade:FGFR3",800,0.0501842618712656,0.496564411417909,0,0,0.0127848416780313
"SHC_mediated cascade:FGFR4",800,0.0501842618712656,0.473329433637547,0,0,0.0127848416780313
"Sialic acid metabolism",800,0.0415809701379728,0.414024925311393,0,0,0.0106384002711124
"Signal amplification",100,0.432520774977552,1.84733750771842,0,0,0.175564313646888
"Signaling by BMP",200,0.201499679533971,1.47115662041099,0,0,0.0755923847426101
"Signaling by cytosolic FGFR1 fusion mutants",800,0.0478846736446742,0.594975204492424,0,0,0.0122129228569631
"Signaling by EGFR in Cancer",800,0.0478846736446742,0.479419519952368,0,0,0.0122129228569631
"Signaling by EGFRvIII in Cancer",800,0.0501842618712656,0.502992384922098,0,0,0.0127848416780313
"Signaling by ERBB2",100,0.40234106820667,1.70803805777164,0,0,0.165623691733435
"Signaling by FGFR1 in disease",800,0.0501842618712656,0.603559373680075,0,0,0.0127848416780313
"Signaling by FGFR2 IIIa TM",150,0.248346499126852,1.54115146271699,0,0,0.0988474708936614
"Signaling by FGFR2 in disease",150,0.230801979551465,1.4587494633425,0,0,0.0926413380729055
"Signaling by FGFR3 in disease",800,0.0501842618712656,0.502992384922098,0,0,0.0127848416780313
"Signaling by FGFR3 point mutants in cancer",800,0.0501842618712656,0.502992384922098,0,0,0.0127848416780313
"Signaling by FGFR in disease",150,0.178954313919034,1.28536283368135,0,0,0.0736515469416837
"Signaling by Hippo",800,0.0501842618712656,0.579651427180671,0,0,0.0127848416780313
"Signaling by Ligand_Responsive EGFR Variants in Cancer",800,0.0478846736446742,0.479419519952368,0,0,0.0122129228569631
"Signaling by NODAL",150,0.248346499126852,1.47340211978738,0,0,0.0988474708936614
"Signaling by NOTCH1",200,0.330654448409716,2.17966364101215,0,0,0.116620424773217
"Signaling by NOTCH1 HD Domain Mutants in Cancer",150,0.248346499126852,1.39048924808268,0,0,0.0988474708936614
"Signaling by NOTCH1 HD+PEST Domain Mutants in Cancer",200,0.265550300954061,1.81593333184661,0,0,0.0966012832002788
"Signaling by NOTCH1 in Cancer",200,0.265550300954061,1.81593333184661,0,0,0.0966012832002788
"Signaling by NOTCH1 PEST Domain Mutants in Cancer",200,0.265550300954061,1.81593333184661,0,0,0.0966012832002788
"Signaling by NOTCH2",200,0.235863777411574,1.47448883089262,0,0,0.087031129327606
"Signaling by PTK6",150,0.192252277835408,1.31056289568927,0,0,0.0786163456884365
"Signaling by Retinoic Acid",150,0.235569880001177,1.12224030497605,0,0,0.0943387060858432
"Signaling by Robo receptor",750,0.11429611059295,1.17034703289427,0,0,0.0288893817506197
"Signaling by TGF_beta Receptor Complex",200,0.284953620597449,2.11649238447645,0,0,0.102704611872134
"Signaling by WNT in cancer",150,0.248346499126852,1.61799832599704,0,0,0.0988474708936614
"Signal transduction by L1",250,0.111642730528153,1.01554303568715,0,0,0.040926225851692
"SIRT1 negatively regulates rRNA Expression",1250,0.0174186896981015,0.0616650116123216,0,0,0.00380723894798182
"SMAD2slashSMAD3:SMAD4 heterotrimer regulates transcription",200,0.736472245019053,4.01620429686855,0.0344827586206897,200,0.215888096753944
"Smooth Muscle Contraction",100,0,0,0,0,0
"snRNP Assembly",250,0.0963307906626804,0.950819315245114,0,0,0.0355798163884467
"Sphingolipid de novo biosynthesis",800,0.0501842618712656,0.474380804456437,0,0,0.0127848416780313
"Sphingolipid metabolism",150,0.16593591801143,1.1466213313684,0,0,0.0687267495839321
"Spry regulation of FGF signaling",100,0.432520774977552,1.84950772279117,0,0,0.175564313646888
"Stabilization of p53",800,0.0478846736446742,0.546464827440205,0,0,0.0122129228569631
"Steroid hormones",800,0.0501842618712656,0.515291616655707,0,0,0.0127848416780313
"STING mediated induction of host immune responses",100,0,0,0,0,0
"Striated Muscle Contraction",200,0.174635284563841,1.21129416818206,0,0,0.0663722393729974
"Sulfur amino acid metabolism",850,0.0451400969718449,0.375559197149199,0,0,0.0112723055205916
"SUMO E3 ligases SUMOylate target proteins",800,0.0415809701379728,0.515671385435499,0,0,0.0106384002711124
"SUMOylation of DNA damage response and repair proteins",800,0.0501842618712656,0.603212479387843,0,0,0.0127848416780313
"SUMOylation of DNA replication proteins",1500,0.0676320802291537,0.731381963312305,0,0,0.0134200602867879
"SUMOylation of RNA binding proteins",800,0.0501842618712656,0.67851397357797,0,0,0.0127848416780313
"Surfactant metabolism",100,0.432520774977552,1.86288108400031,0,0,0.175564313646888
"Switching of origins to a post_replicative state",800,0.0501842618712656,0.655105762060469,0,0,0.0127848416780313
"Syndecan interactions",100,0,0,0,0,0
"Synthesis and interconversion of nucleotide di_ and triphosphates",100,0.651684551231881,2.46913420944869,0,0,0.239416447901532
"Synthesis of bile acids and bile salts",250,0.270463523617787,1.89961603104864,0,0,0.0918099659464743
"Synthesis of bile acids and bile salts via 27_hydroxycholesterol",150,0.248346499126852,1.45117358143865,0,0,0.0988474708936614
"Synthesis of bile acids and bile salts via 7alpha_hydroxycholesterol",250,0.270463523617787,1.89961603104864,0,0,0.0918099659464743
"Synthesis of DNA",800,0.0501842618712656,0.697846229482379,0,0,0.0127848416780313
"Synthesis of glycosylphosphatidylinositol GPI",300,0.110204083404141,0.901487099388574,0,0,0.0381942644111041
"Synthesis of IP3 and IP4 in the cytosol",300,0.110204083404141,0.916869932371716,0,0,0.0381942644111041
"Synthesis of Leukotrienes LT and Eoxins EX",1000,0.0344235580895607,0.256555260042539,0,0,0.00812963733205755
"Synthesis of PA",350,0.0913475433705916,0.78755308079609,0,0,0.0304091802554487
"Synthesis of PC",100,0,0,0,0,0
"Synthesis of PIPs at the Golgi membrane",250,0.111642730528153,0.983930707726634,0,0,0.040926225851692
"Synthesis of PIPs at the plasma membrane",250,0.102224250566896,0.928665166807509,0,0,0.0376473087705316
"Synthesis of substrates in N_glycan biosythesis",800,0.0501842618712656,0.47794759027427,0,0,0.0127848416780313
"Synthesis of very long_chain fatty acyl_CoAs",100,0,0,0,0,0
"Synthesis secretion and deacylation of Ghrelin",300,0.110204083404141,0.888409242015384,0,0,0.0381942644111041
"Synthesis secretion and inactivation of Glucagon_like Peptide_1 GLP_1",150,0.248346499126852,1.79596129328665,0,0,0.0988474708936614
"T41 mutants of beta_catenin aren t phosphorylated",750,0.117364319767956,1.04025268937352,0,0,0.0296203023879786
"TAK1 activates NFkB by phosphorylation and activation of IKKs complex",100,0.432520774977552,2.20641093125396,0,0,0.175564313646888
"Tat_mediated elongation of the HIV_1 transcript",150,0.195564469128387,1.24467409427983,0,0,0.0798427172153744
"Tat_mediated HIV elongation arrest and recovery",150,0.219272168844488,1.33582072525651,0,0,0.0885031329980381
"Telomere C_strand Lagging Strand Synthesis",350,0.0913475433705916,0.730273743713895,0,0,0.0304091802554487
"Telomere Maintenance",350,0.0657567080296636,0.35306983851968,0,0,0.0221682871656587
"Termination of O_glycan biosynthesis",950,0.0368374054957634,0.299820639042492,0,0,0.00885970835268578
"Termination of translesion DNA synthesis",350,0.0913475433705916,0.596758150344212,0,0,0.0304091802554487
"TGF_beta receptor signaling activates SMADs",150,0.219272168844488,1.41228736550206,0,0,0.0885031329980381
"TGF_beta receptor signaling in EMT epithelial to mesenchymal transition",100,0,0,0,0,0
"The canonical retinoid cycle in rods twilight vision",100,0,0,0,0,0
"The phototransduction cascade",800,0.0501842618712656,0.596233059083482,0,0,0.0127848416780313
"The role of GTSE1 in G2slashM progression after G2 checkpoint",800,0.0478846736446742,0.557414698344896,0,0,0.0122129228569631
"The role of Nef in HIV_1 replication and disease pathogenesis",100,0.432520774977552,1.97282537239306,0,0,0.175564313646888
"Thrombin signalling through proteinase activated receptors PARs",100,0.545751661940673,2.22388902878179,0,0,0.210296948948643
"Thromboxane signalling through TP receptor",800,0.0501842618712656,0.502992384922098,0,0,0.0127848416780313
"Tie2 Signaling",800,0.0501842618712656,0.502992384922098,0,0,0.0127848416780313
"Tight junction interactions",300,0.110204083404141,0.951469756601049,0,0,0.0381942644111041
"TNFR1_induced NFkappaB signaling pathway",800,0.037172874742899,0.431065267041923,0,0,0.00953144576789487
"TNFR2 non_canonical NF_kB pathway",200,0.174635284563841,1.36123853672352,0,0,0.0663722393729974
"TNF receptor superfamily TNFSF members mediating non_canonical NF_kB pathway",200,0.342636768215189,2.31324727290581,0,0,0.120165002379044
"TNFs bind their physiological receptors",1300,0.0162849619796188,0.0493456909187222,0,0,0.00350730626899705
"TNF signaling",800,0.0431146236471797,0.454189882916869,0,0,0.0110223863645867
"Toll Like Receptor 10 TLR10 Cascade",100,0.231763917830088,1.49723282733707,0,0,0.10343332707641
"Toll Like Receptor 2 TLR2 Cascade",100,0.218401752960134,1.45889367441246,0,0,0.0980987766117639
"Toll Like Receptor 3 TLR3 Cascade",100,0.426284816965317,2.45525382335493,0,0,0.173534825002886
"Toll Like Receptor 5 TLR5 Cascade",100,0.231763917830088,1.49723282733707,0,0,0.10343332707641
"Toll Like Receptor 7slash8 TLR7slash8 Cascade",100,0.231403879299752,1.63240322087123,0,0,0.103290522088204
"Toll Like Receptor 9 TLR9 Cascade",100,0.226297484698587,1.60324871940525,0,0,0.101259585984485
"Toll Like Receptor TLR1:TLR2 Cascade",100,0.218401752960134,1.45889367441246,0,0,0.0980987766117639
"Toll Like Receptor TLR6:TLR2 Cascade",100,0.218401752960134,1.45889367441246,0,0,0.0980987766117639
"TP53 Regulates Metabolic Genes",100,0.432520774977552,1.79987834866531,0,0,0.175564313646888
"TP53 regulates transcription of additional cell cycle genes whose exact role in the p53 pathway remain uncertain",250,0.111642730528153,1.00005197254354,0,0,0.040926225851692
"TP53 Regulates Transcription of Cell Cycle Genes",250,0.101548257952165,0.78380417876091,0,0,0.0374107810985719
"TP53 Regulates Transcription of Cell Death Genes",200,0.161999613171234,1.16526284261593,0,0,0.0619491451856358
"TP53 Regulates Transcription of DNA Repair Genes",150,0.155924595202395,1.1056387792537,0,0,0.0648956632221465
"TP53 Regulates Transcription of Genes Involved in Cytochrome C Release",250,0.111642730528153,1.00737852533207,0,0,0.040926225851692
"TP53 Regulates Transcription of Genes Involved in G2 Cell Cycle Arrest",1350,0.00925245522726365,0.0320343110451459,0,0,0.00197032963313161
"TRAF6 mediated induction of NFkB and MAP kinases upon TLR7slash8 or 9 activation",100,0.231763917830088,1.64330704468526,0,0,0.10343332707641
"TRAF6 Mediated Induction of proinflammatory cytokines",100,0.248860220756543,1.60130251491343,0,0,0.110155524950121
"TRAF6 mediated induction of TAK1 complex",100,0.432520774977552,1.83840684850092,0,0,0.175564313646888
"TRAF6 mediated IRF7 activation",250,0.111642730528153,0.963118014878568,0,0,0.040926225851692
"TRAF6 mediated NF_kB activation",100,0.432520774977552,2.32642037520044,0,0,0.175564313646888
"Trafficking of AMPA receptors",1500,0.0676320802291537,0.480560697705718,0,0,0.0134200602867879
"Trafficking of GluR2_containing AMPA receptors",800,0.0501842618712656,0.426667489547492,0,0,0.0127848416780313
"Transcriptional activation of mitochondrial biogenesis",150,0.207168130023784,1.27973181177488,0,0,0.084107186375047
"Transcriptional activity of SMAD2slashSMAD3:SMAD4 heterotrimer",200,0.498084449024971,2.95562894003042,0,0,0.162498625851485
"Transcriptional regulation by small RNAs",150,0.155924595202395,1.31187056422836,0,0,0.0648956632221465
"Transcriptional regulation of pluripotent stem cells",150,0.248346499126852,1.53293443922362,0,0,0.0988474708936614
"Transcriptional regulation of white adipocyte differentiation",150,0.243259521592432,1.8629672800774,0,0,0.0970592169864852
"Transcription_Coupled Nucleotide Excision Repair TC_NER",150,0.131744398193033,1.02341687646363,0,0,0.055482758286993
"Transcription of the HIV genome",150,0.145291572198415,1.08619828654244,0,0,0.0607844469331322
"Transferrin endocytosis and recycling",100,0.432520774977552,1.76934365646053,0,0,0.175564313646888
"trans_Golgi Network Vesicle Budding",100,0.432520774977552,2.52558775140129,0,0,0.175564313646888
"Translation initiation complex formation",100,0,0,0,0,0
"Translesion Synthesis by POLH",350,0.0913475433705916,0.730273743713895,0,0,0.0304091802554487
"Translesion synthesis by POLI",350,0.0913475433705916,0.730273743713895,0,0,0.0304091802554487
"Translesion synthesis by POLK",350,0.0913475433705916,0.730273743713895,0,0,0.0304091802554487
"Translesion synthesis by REV1",350,0.0913475433705916,0.730273743713895,0,0,0.0304091802554487
"Translesion synthesis by Y family DNA polymerases bypasses lesions on DNA template",350,0.0764914838590867,0.475427613990183,0,0,0.0256508501866595
"Translocation of GLUT4 to the plasma membrane",100,0.322925809779028,1.55380812567237,0,0,0.137986215929679
"Translocation of ZAP_70 to Immunological synapse",100,0.432520774977552,1.91004901290237,0,0,0.175564313646888
"Transport of inorganic cationsslashanions and amino acidsslasholigopeptides",750,0.0172266007091635,0.116614450161435,0,0,0.00456829100862162
"Transport of Mature mRNA derived from an Intron_Containing Transcript",250,0.07161580343548,0.848976556093689,0,0,0.0267755953010697
"Transport of Mature mRNA Derived from an Intronless Transcript",1500,0.0676320802291537,0.731381963312305,0,0,0.0134200602867879
"Transport of Mature mRNAs Derived from Intronless Transcripts",1500,0.0676320802291537,0.731381963312305,0,0,0.0134200602867879
"Transport of Mature Transcript to Cytoplasm",250,0.0627529610910372,0.827039885977123,0,0,0.0235650021522398
"Transport of Ribonucleoproteins into the Host Nucleus",1500,0.0676320802291537,0.77765268102437,0,0,0.0134200602867879
"Transport of the SLBP Dependant Mature mRNA",400,0.0567178753920843,0.70948269955326,0,0,0.0183797999354441
"Transport of the SLBP independent Mature mRNA",1500,0.0676320802291537,0.745460459427722,0,0,0.0134200602867879
"Transport of vitamins nucleosides and related molecules",200,0.174635284563841,1.1910564665062,0,0,0.0663722393729974
"TRIF_mediated TLR3slashTLR4 signaling",100,0.426284816965317,2.45525382335493,0,0,0.173534825002886
"Triglyceride Biosynthesis",250,0.102224250566896,0.950686313180424,0,0,0.0376473087705316
"Tristetraprolin TTP ZFP36 binds and destabilizes mRNA",800,0.0501842618712656,0.512696258434901,0,0,0.0127848416780313
"tRNA Aminoacylation",850,0.0473994531081529,0.500019837253961,0,0,0.0118232470584403
"tRNA modification in the nucleus and cytosol",800,0.0383727785690504,0.492754486003525,0,0,0.00983324737596126
"tRNA processing in the nucleus",400,0.0596587619744678,0.699935472613841,0,0,0.0193046819028099
"TRP channels",1450,0.0252490457586111,0.109006355546363,0,0,0.00518584501743014
"Ubiquitin_dependent degradation of Cyclin D",800,0.0501842618712656,0.559714286571487,0,0,0.0127848416780313
"Ubiquitin_dependent degradation of Cyclin D1",800,0.0501842618712656,0.559714286571487,0,0,0.0127848416780313
"Ubiquitin Mediated Degradation of Phosphorylated Cdc25A",800,0.0501842618712656,0.559714286571487,0,0,0.0127848416780313
"Unblocking of NMDA receptor glutamate binding and activation",1150,0.0351383034562721,0.168099783642169,0,0,0.00786308898451562
"Unfolded Protein Response UPR",100,0.235735653137717,1.19288715475745,0,0,0.105005261213537
"Uptake and actions of bacterial toxins",900,0.0318745142587768,0.23999255812868,0,0,0.00784296913219359
"Vasopressin regulates renal water homeostasis via Aquaporins",850,0.0399074698090759,0.363597993747101,0,0,0.0099915451479144
"VEGFR2 mediated vascular permeability",250,0.111642730528153,0.967139068080693,0,0,0.040926225851692
"Vif_mediated degradation of APOBEC3G",800,0.0478846736446742,0.550986724840706,0,0,0.0122129228569631
"Viral Messenger RNA Synthesis",1500,0.329338247390082,1.9866877529633,0,0,0.0575828685481787
"Viral mRNA Translation",100,0,0,0,0,0
"Visual phototransduction",1000,0.0344235580895607,0.426487650563312,0,0,0.00812963733205755
"Voltage gated Potassium channels",100,0.432520774977552,1.83800026781686,0,0,0.175564313646888
"Vpr_mediated nuclear import of PICs",1500,0.0676320802291537,0.752788185036009,0,0,0.0134200602867879
"Vpu mediated degradation of CD4",100,0.299588215665206,1.42386058568326,0,0,0.129438329581268
"VxPx cargo_targeting to cilium",800,0.0501842618712656,0.548301644186134,0,0,0.0127848416780313
"WNT5A_dependent internalization of FZD4",1200,0.0223784687804792,0.106844945538537,0,0,0.00495730836647428
"WNT ligand biogenesis and trafficking",100,0,0,0,0,0
"XBP1S activates chaperone genes",100,0.314792445230457,1.45260012651026,0,0,0.13502981942448
"Xenobiotics",100,0,0,0,0,0
"YAP1_ and WWTR1 TAZ_stimulated gene expression",150,0.248346499126852,1.40127584478572,0,0,0.0988474708936614
"ZBP1DAI mediated induction of type I IFNs",100,0.432520774977552,2.2996749860035,0,0,0.175564313646888
"Zinc transporters",800,0.0501842618712656,0.422011446824835,0,0,0.0127848416780313
