"","TopCut_highestMinuslogP_any","maximum_MinuslogP_any","sum_MinuslogP_any","times_significant_any","FirstTopCut_significant_any","PEBBA_score_any"
"ABC_family proteins mediated transport",400,0.152596462510915,0.967693818296986,0,0,0.0471746402653203
"ABC transporters in lipid homeostasis",100,0,0,0,0,0
"Abortive elongation of HIV_1 transcript in the absence of Tat",100,0.467709860732708,4.41290207851888,0,0,0.186782374621071
"Acetylcholine Neurotransmitter Release Cycle",800,0.187089239464114,0.954609202453415,0,0,0.0445692901723553
"Activated NOTCH1 Transmits Signal to the Nucleus",100,1.68523236287631,11.3137141376723,0.206896551724138,100,0.407299326719858
"Activated PKN1 stimulates transcription of AR androgen receptor regulated genes KLK2 and KLK3",100,0.510888143797809,2.69158564976543,0,0,0.200018755423244
"Activated point mutants of FGFR2",100,0,0,0,0,0
"activated TAK1 mediates p38 MAPK activation",250,0.211302971385804,1.80401105896683,0,0,0.0737934868548866
"Activation of anterior HOX genes in hindbrain development during early embryogenesis",200,0.578616167038071,6.40467725036881,0,0,0.181974908151655
"Activation of APCslashC and APCslashC:Cdc20 mediated degradation of mitotic proteins",100,0.53357665058821,3.720666904949,0,0,0.2067482521367
"Activation of ATR in response to replication stress",100,0.837893492728677,5.46086270715099,0.0344827586206897,100,0.283689558355506
"Activation of BAD and translocation to mitochondria",250,0.224403528343198,1.53515898328295,0,0,0.077875449600054
"Activation of BH3_only proteins",250,0.207473504489137,1.31115608264111,0,0,0.0725901393427106
"Activation of GABAB receptors",1350,0.00222802400934327,0.00721341360553806,0,0,0.000476130102547075
"Activation of gene expression by SREBF SREBP",100,0.368730963013283,2.45603633507311,0,0,0.154194272757742
"Activation of G protein gated Potassium channels",1350,0.00222802400934327,0.00721341360553806,0,0,0.000476130102547075
"Activation of HOX genes during differentiation",200,0.578616167038071,6.40467725036881,0,0,0.181974908151655
"Activation of IRF3slashIRF7 mediated by TBK1slashIKK epsilon",100,0.975458182637225,6.80911420708154,0.0344827586206897,100,0.31149021491897
"Activation of Kainate Receptors upon glutamate binding",550,0.0958178185571627,0.569640487740207,0,0,0.0273138372409851
"Activation of Matrix Metalloproteinases",100,0,0,0,0,0
"Activation of NF_kappaB in B cells",100,0.514415509823381,5.02254133811405,0,0,0.20107503503605
"Activation of NMDA receptor upon glutamate binding and postsynaptic events",250,0.416171473573766,3.25333555140436,0,0,0.131892493957883
"Activation of SMO",100,0,0,0,0,0
"Activation of the mRNA upon binding of the cap_binding complex and eIFs and subsequent binding to 43S",100,0.801295594199789,10.2218473362896,0.0689655172413793,100,0.275626403465755
"Activation of the pre_replicative complex",100,0.950219229637238,7.81480327130162,0.0689655172413793,100,0.306671876173376
"Acyl chain remodelling of PC",500,0.151658572771438,0.937513125610975,0,0,0.0434843730651817
"Acyl chain remodelling of PE",500,0.15778250936353,1.0007850297837,0,0,0.0451055090677732
"Acyl chain remodelling of PG",1100,0.0260444546261913,0.0578617874421724,0,0,0.00595563070205939
"Acyl chain remodelling of PI",100,0,0,0,0,0
"Acyl chain remodelling of PS",100,0,0,0,0,0
"Adherens junctions interactions",1300,0.00334374202348208,0.0105571556290201,0,0,0.000724811807339429
"ADP signalling through P2Y purinoceptor 1",100,0,0,0,0,0
"ADP signalling through P2Y purinoceptor 12",100,0,0,0,0,0
"Adrenalinenoradrenaline inhibits insulin secretion",100,0,0,0,0,0
"Aflatoxin activation and detoxification",100,0,0,0,0,0
"Amine compound SLC transporters",250,0.729765280373184,6.82240617581363,0.0344827586206897,250,0.200678040676553
"Amine_derived hormones",500,0.490500600510684,4.7911704688308,0,0,0.119799773319765
"Amine ligand_binding receptors",1500,0.0013715680256767,0.0013715680256767,0,0,0.000281270786037772
"Amino acid and oligopeptide SLC transporters",450,0.11683440069982,0.775758518564467,0,0,0.0353271910012031
"Amino acid synthesis and interconversion transamination",550,0.13358875383242,0.711264048880396,0,0,0.0373818889906261
"Amino acid transport across the plasma membrane",450,0.126160641200246,0.816397951266527,0,0,0.0379732781204591
"Amyloid fiber formation",100,1.07448159118659,5.51691263607191,0.0344827586206897,100,0.329262633532621
"Anchoring of the basal body to the plasma membrane",300,0.049975019544097,0.295675522192031,0,0,0.0178425719326845
"Antigen activates B Cell Receptor BCR leading to generation of second messengers",550,0.63977783157011,6.94538748049757,0,0,0.141273855669996
"Antigen Presentation: Folding assembly and peptide loading of class I MHC",100,0.816693793909304,8.30939281264977,0.0344827586206897,100,0.279054888920671
"Antigen processing_Cross presentation",100,0.985916846952085,7.30305163402224,0.0344827586206897,100,0.31345150138512
"Antiviral mechanism by IFN_stimulated genes",100,0.510888143797809,3.02476496333158,0,0,0.200018755423244
"APC:Cdc20 mediated degradation of cell cycle proteins prior to satisfation of the cell cycle checkpoint",100,0.535522917202704,3.83975922898683,0,0,0.207318443171333
"APC_Cdc20 mediated degradation of Nek2A",100,0.950219229637238,6.7359359536989,0.0344827586206897,100,0.306671876173376
"APCslashC:Cdc20 mediated degradation of Cyclin B",100,0.975458182637225,7.02940777921522,0.0344827586206897,100,0.31149021491897
"APCslashC:Cdc20 mediated degradation of mitotic proteins",100,0.53357665058821,3.720666904949,0,0,0.2067482521367
"APCslashC:Cdc20 mediated degradation of Securin",100,0.535522917202704,3.83975922898683,0,0,0.207318443171333
"APCslashC:Cdh1 mediated degradation of Cdc20 and other APCslashC:Cdh1 targeted proteins in late mitosisslashearly G1",100,0.525630895263083,3.5860918546752,0,0,0.204408863703562
"APCslashC_mediated degradation of cell cycle proteins",100,0.510888143797809,3.09211898153025,0,0,0.200018755423244
"Apoptotic cleavage of cellular proteins",100,0.448913022609719,2.53737077508285,0,0,0.180839192086165
"Apoptotic execution  phase",100,0.364188364406899,2.84718143694995,0,0,0.152619842848925
"Aquaporin_mediated transport",100,0,0,0,0,0
"Arachidonic acid metabolism",1200,0.00618023991937142,0.0212061315086334,0,0,0.00138016157557666
"Assembly of collagen fibrils and other multimeric structures",700,0.0648468430874171,0.378513531300724,0,0,0.0172225151730696
"Assembly of the pre_replicative complex",100,1.11191933311082,7.20205115025047,0.0344827586206897,100,0.335536482858884
"Association of licensing factors with the pre_replicative complex",100,1.11191933311082,8.82570511024473,0.0689655172413793,100,0.335536482858884
"Association of TriCslashCCT with target proteins during biosynthesis",100,0.392349301788387,2.04458529854814,0,0,0.162265934738841
"Asymmetric localization of PCP proteins",100,0.546132117656936,4.41782393544686,0,0,0.210407147166335
"A tetrasaccharide linker sequence is required for GAG synthesis",100,0,0,0,0,0
"ATF4 activates genes",100,0.488160563121803,2.5793373383574,0,0,0.193122840589254
"Attenuation phase",500,0.173813289150404,1.26061387393653,0,0,0.0493024856880411
"AUF1 hnRNP D0 binds and destabilizes mRNA",100,0.546132117656936,4.82153650532239,0,0,0.210407147166335
"AURKA Activation by TPX2",300,0.0744164992679467,0.533579937090243,0,0,0.0262495179455528
"Autodegradation of Cdh1 by Cdh1:APCslashC",100,0.544013597529043,3.14772029006977,0,0,0.209792988554724
"Autodegradation of the E3 ubiquitin ligase COP1",100,0.552209655930559,4.60655373254953,0,0,0.212161821362454
"Base Excision Repair",850,0.0180893352153402,0.0923348677826,0,0,0.00457842303992054
"Basigin interactions",400,0.152596462510915,1.1669179381023,0,0,0.0471746402653203
"BBSome_mediated cargo_targeting to cilium",1300,0.00334374202348208,0.0105571556290201,0,0,0.000724811807339429
"Beta_catenin phosphorylation cascade",100,0.53357665058821,2.60284968269091,0,0,0.2067482521367
"Beta defensins",900,0.207781160993418,1.17540376007821,0,0,0.0469038003142712
"Bile acid and bile salt metabolism",1000,0.0212091675526079,0.0794316301863406,0,0,0.00504191131846182
"Binding and Uptake of Ligands by Scavenger Receptors",150,0.665662280466326,4.2245303814799,0,0,0.21848210961009
"Biosynthesis of the N_glycan precursor dolichol lipid_linked oligosaccharide LLO and transfer to a nascent protein",350,0.0466832507205101,0.30408976912468,0,0,0.0158875199178682
"BMAL1:CLOCKNPAS2 activates circadian gene expression",150,0.278676016474303,1.99703278747951,0,0,0.10932262559083
"Branched_chain amino acid catabolism",200,0.245485898380792,1.99100203561228,0,0,0.0901642206125742
"Budding and maturation of HIV virion",650,1.38898581037418,25.229839492198,0.689655172413793,100,0.211486095002459
"Butyrate Response Factor 1 BRF1 binds and destabilizes mRNA",850,0.258022958480878,2.60218397423373,0,0,0.0580829785078931
"B_WICH complex positively regulates rRNA expression",100,0.364188364406899,1.71143345659907,0,0,0.152619842848925
"Ca2+ pathway",650,0.0678850622062307,0.417884244303903,0,0,0.0184904797875613
"Ca_dependent events",150,0.362187432451618,2.14358562672273,0,0,0.136576615928835
"Calmodulin induced events",150,0.368212787324482,2.22243003194162,0,0,0.138456359813533
"Calnexinslashcalreticulin cycle",150,0.362187432451618,2.28865770089038,0,0,0.136576615928835
"CaM pathway",150,0.368212787324482,2.22243003194162,0,0,0.138456359813533
"Cargo concentration in the ER",750,0.237120782022674,2.36632635166916,0,0,0.0564658642627036
"Cargo trafficking to the periciliary membrane",300,0.114179471409814,0.56044061146399,0,0,0.039494933345665
"Caspase activation via extrinsic apoptotic signalig pathway",100,0.477479842965305,2.35711979789237,0,0,0.189827605109198
"CD209 DC_SIGN signaling",550,0.0958178185571627,0.551372281941871,0,0,0.0273138372409851
"CD22 mediated BCR regulation",100,0.67320752603262,6.59473351889981,0,0,0.24496505566195
"CD28 co_stimulation",550,0.452366955480183,4.27076106479394,0,0,0.108776289590445
"CD28 dependent PI3KslashAkt signaling",550,0.63977783157011,5.84079434440998,0,0,0.141273855669996
"Cdc20:Phospho_APCslashC mediated degradation of Cyclin A",100,0.535522917202704,3.83975922898683,0,0,0.207318443171333
"CDK_mediated phosphorylation and removal of Cdc6",100,0.561863803665629,4.79296525528645,0,0,0.214927283095772
"CDO in myogenesis",250,0.211302971385804,1.48620986355841,0,0,0.0737934868548866
"CDT1 association with the CDC6:ORC:origin complex",100,1.15378168116138,8.14968553904707,0.0689655172413793,100,0.342279194324534
"Cell_cell junction organization",1300,0.00334374202348208,0.0105571556290201,0,0,0.000724811807339429
"Cell death signalling via NRAGE NRIF and NADE",100,0.95140685051323,4.06267499782459,0.0344827586206897,100,0.306901340403923
"Cell_extracellular matrix interactions",100,0,0,0,0,0
"Cell junction organization",700,0.0198163012889994,0.113119261010747,0,0,0.00538194935605284
"Cellular response to heat stress",150,0.114952441760597,0.823402111552859,0,0,0.0488107488984663
"Cellular response to hypoxia",100,1.24616495304042,10.4581808141796,0.172413793103448,100,0.356197167098459
"Centrosome maturation",550,0.0958178185571627,0.916749198302759,0,0,0.0273138372409851
"cGMP effects",650,0.136579924902789,0.746817819397522,0,0,0.0359664890904687
"Chaperonin_mediated protein folding",100,0.233849253502685,0.798632266565087,0,0,0.104259440045228
"Chemokine receptors bind chemokines",100,0.385049319877098,2.54795046205258,0,0,0.159791461354797
"Cholesterol biosynthesis",500,0.119296226845618,0.696230815009928,0,0,0.0347505533182262
"Chondroitin sulfate biosynthesis",700,0.0590380802330788,0.385267928408114,0,0,0.0157249147737812
"Chondroitin sulfateslashdermatan sulfate metabolism",700,0.0273718362548009,0.178759322167766,0,0,0.00740605156230515
"Chromosome Maintenance",200,0.450495886722779,2.70198870260634,0,0,0.150230272491548
"Chylomicron_mediated lipid transport",100,0,0,0,0,0
"Circadian Clock",150,0.624814924309525,4.2950186323452,0,0,0.208850688638372
"Citric acid cycle TCA cycle",650,0.132417411500495,1.29992466281397,0,0,0.0349413670887913
"Class Bslash2 Secretin family receptors",250,0.211302971385804,1.39531321991069,0,0,0.0737934868548866
"Class Cslash3 Metabotropic glutamateslashpheromone receptors",550,0.286057974270133,2.96065167323419,0,0,0.0743693503134517
"Classical antibody_mediated complement activation",100,0,0,0,0,0
"Clathrin derived vesicle budding",150,0.539134784481496,3.21720751924221,0,0,0.18732364864337
"Cleavage of Growing Transcript in the Termination Region",100,0.546132117656936,2.46752831789696,0,0,0.210407147166335
"CLEC7A Dectin_1 signaling",100,0.377410534687345,4.28131785172875,0,0,0.157182730325559
"Cobalamin Cbl vitamin B12 transport and metabolism",200,0.327822159921893,2.12796034246655,0,0,0.115776360402884
"Collagen biosynthesis and modifying enzymes",750,0.0490919576365079,0.251504728743019,0,0,0.012813957829962
"Collagen degradation",100,0,0,0,0,0
"Collagen formation",750,0.0595962741494145,0.310924054884817,0,0,0.0154750380033573
"Common Pathway of Fibrin Clot Formation",1300,0.00334374202348208,0.0105571556290201,0,0,0.000724811807339429
"Complement cascade",800,0.0490305256695575,0.213357352970605,0,0,0.0124980662463483
"Complex I biogenesis",350,0.515013836000259,5.78442024026654,0,0,0.140206092153858
"Condensation of Prophase Chromosomes",100,0.499862718043289,2.49995933798036,0,0,0.196693034427947
"Constitutive Signaling by Aberrant PI3K in Cancer",550,0.144347114833897,0.720388418666421,0,0,0.04018069043511
"Constitutive Signaling by AKT1 E17K in Cancer",250,0.352906493518241,2.64131687966717,0,0,0.115203841251719
"Constitutive Signaling by EGFRvIII",550,0.0981332457547222,0.60369709025022,0,0,0.0279420289174478
"Constitutive Signaling by Ligand_Responsive EGFR Cancer Variants",100,0.975458182637225,7.9700347870065,0.0344827586206897,100,0.31149021491897
"Constitutive Signaling by NOTCH1 HD Domain Mutants",100,1.11191933311082,8.43526607338977,0.0344827586206897,100,0.335536482858884
"Constitutive Signaling by NOTCH1 HD+PEST Domain Mutants",150,0.637073116055647,6.18177818912476,0,0,0.2117824823493
"Constitutive Signaling by NOTCH1 PEST Domain Mutants",150,0.637073116055647,6.18177818912476,0,0,0.2117824823493
"Conversion from APCslashC:Cdc20 to APCslashC:Cdh1 in late anaphase",850,0.0378288936685302,0.164326827301048,0,0,0.0094809211534049
"Cooperation of PDCL PhLP1 and TRiCslashCCT in G_protein beta folding",1300,0.00334374202348208,0.0105571556290201,0,0,0.000724811807339429
"Cooperation of Prefoldin and TriCslashCCT  in actin and tubulin folding",1300,0.00334374202348208,0.0105571556290201,0,0,0.000724811807339429
"COPI_dependent Golgi_to_ER retrograde traffic",500,0.119296226845618,1.10588786000622,0,0,0.0347505533182262
"COPII Coat Protein 2 Mediated Vesicle Transport",400,0.152596462510915,1.49012966294871,0,0,0.0471746402653203
"COPI_independent Golgi_to_ER retrograde traffic",100,0,0,0,0,0
"COPI_mediated anterograde transport",300,0.150331905245567,1.47598228349255,0,0,0.0510889655776211
"Costimulation by the CD28 family",250,0.927092199990058,11.6238225173572,0.172413793103448,250,0.234120431512252
"Creation of C4 and C2 activators",800,0.25126556477789,1.11459648580491,0,0,0.0580353782655897
"CREB phosphorylation through the activation of CaMKII",150,0.578582783102607,3.53713166504637,0,0,0.197464248199027
"CREB phosphorylation through the activation of Ras",250,0.439847713773964,3.832303413649,0,0,0.137871504401381
"CRMPs in Sema3A signaling",550,0.13358875383242,0.735874211168514,0,0,0.0373818889906261
"Cross_presentation of soluble exogenous antigens endosomes",550,0.0800423630675367,0.673128216679339,0,0,0.0229949114035945
"CTLA4 inhibitory signaling",100,0.513630251558616,5.44277237100035,0,0,0.200840209549507
"Cyclin A:Cdk2_associated events at S phase entry",100,0.53357665058821,2.73586099277679,0,0,0.2067482521367
"Cyclin AslashB1 associated events during G2slashM transition",100,0.546132117656936,2.68971774437967,0,0,0.210407147166335
"Cyclin D associated events in G1",100,1.11191933311082,7.82762804856112,0.0344827586206897,100,0.335536482858884
"Cyclin E associated events during G1slashS transition",100,0.535522917202704,2.76006505827987,0,0,0.207318443171333
"Cytochrome P450 _ arranged by substrate type",1000,0.0346505355347113,0.136578086072182,0,0,0.00818231813762145
"Cytosolic sensors of pathogen_associated DNA",500,0.572823188585527,5.604410574468,0,0,0.134752699166078
"Cytosolic sulfonation of small molecules",600,0.317958273145544,2.7645232403371,0,0,0.0789585911789261
"Cytosolic tRNA aminoacylation",850,0.258022958480878,2.42419769932679,0,0,0.0580829785078931
"DAG and IP3 signaling",150,0.362187432451618,2.0692730321027,0,0,0.136576615928835
"DARPP_32 events",550,0.565894382759919,6.44814861039769,0,0,0.129184186160901
"Deactivation of the beta_catenin transactivating complex",100,0.816693793909304,6.49222248495025,0.0344827586206897,100,0.279054888920671
"Deadenylation_dependent mRNA decay",100,0.335588683427889,3.19064603897474,0,0,0.142541448699489
"Deadenylation of mRNA",700,0.22570906087067,1.85588650143163,0,0,0.0554206142767449
"Death Receptor Signalling",600,0.66086074830413,7.9351416308356,0,0,0.140192720972786
"Dectin_1 mediated noncanonical NF_kB signaling",100,0.544013597529043,3.67771914402751,0,0,0.209792988554724
"Defective B3GALT6 causes EDSP2 and SEMDJL1",100,0,0,0,0,0
"Defective B3GALTL causes Peters_plus syndrome PpS",100,0,0,0,0,0
"Defective B3GAT3 causes JDSSDHD",100,0,0,0,0,0
"Defective B4GALT7 causes EDS progeroid type",100,0,0,0,0,0
"Defective C1GALT1C1 causes Tn polyagglutination syndrome TNPS",600,0.191988521746969,1.132549231321,0,0,0.0506404342086677
"Defective GALNT12 causes colorectal cancer 1 CRCS1",600,0.31105101161774,2.21472384662868,0,0,0.077496534279246
"Defective GALNT3 causes familial hyperphosphatemic tumoral calcinosis HFTC",600,0.31105101161774,2.21472384662868,0,0,0.077496534279246
"Defects in vitamin and cofactor metabolism",200,0.327822159921893,2.12796034246655,0,0,0.115776360402884
"Defensins",900,0.126111712059433,0.70414693902226,0,0,0.029620908681464
"Degradation of AXIN",100,0.552209655930559,4.60655373254953,0,0,0.212161821362454
"Degradation of beta_catenin by the destruction complex",100,0.67320752603262,4.17438604076701,0,0,0.24496505566195
"Degradation of DVL",100,0.552209655930559,4.56163132952844,0,0,0.212161821362454
"Degradation of GLI1 by the proteasome",100,0.88680359824195,6.35993716228122,0.0344827586206897,100,0.294014763204488
"Degradation of GLI2 by the proteasome",100,0.546132117656936,4.34902178622754,0,0,0.210407147166335
"Depolymerisation of the Nuclear Lamina",500,0.321325818400318,3.40775145294315,0,0,0.084921907902858
"Deposition of new CENPA_containing nucleosomes at the centromere",200,0.475825122860227,2.87692843810969,0,0,0.156832796142211
"Detoxification of Reactive Oxygen Species",400,0.170462082144594,1.21599480945033,0,0,0.0522416452652139
"Digestion of dietary lipid",100,0,0,0,0,0
"Disassembly of the destruction complex and recruitment of AXIN to the membrane",100,0.499862718043289,2.49995933798036,0,0,0.196693034427947
"Diseases associated with glycosaminoglycan metabolism",100,0,0,0,0,0
"Diseases associated with O_glycosylation of proteins",600,0.0855002973373669,0.505563844495498,0,0,0.0237563048531307
"Diseases associated with the TLR signaling cascade",200,0.231769802010778,1.75876645386859,0,0,0.0856889068569642
"Diseases of glycosylation",600,0.0790008518667426,0.453350499248964,0,0,0.0220208982712238
"Diseases of Immune System",200,0.231769802010778,1.75876645386859,0,0,0.0856889068569642
"Diseases of metabolism",100,0.855400021069407,9.34583333743931,0.0689655172413793,100,0.28744344856646
"Disorders of transmembrane transporters",100,0,0,0,0,0
"DNA Damage Bypass",100,0.655712191713417,4.44387015646788,0,0,0.240463874020931
"DNA Damage Recognition in GG_NER",100,0.632599207316562,6.64590602225448,0,0,0.234395358996963
"DNA DamageslashTelomere Stress Induced Senescence",200,0.172933479526235,0.745247584061562,0,0,0.0657797772727227
"DNA Double Strand Break Response",250,0.607894785534787,7.53279373593236,0,0,0.17647406277254
"DNA methylation",100,0.523915220646665,2.59318825274936,0,0,0.2039012902032
"DNA Replication Pre_Initiation",100,1.11191933311082,8.11583710675576,0.0344827586206897,100,0.335536482858884
"DNA strand elongation",100,0.467709860732708,3.30036908304835,0,0,0.186782374621071
"Dopamine Neurotransmitter Release Cycle",800,0.0828467695882695,0.412213153013853,0,0,0.0207677496785706
"Downregulation of SMAD2slash3:SMAD4 transcriptional activity",100,0.879341523690085,7.69002975199123,0.0344827586206897,100,0.292471936827249
"Downregulation of TGF_beta receptor signaling",100,1.21034220531581,9.61546774339069,0.103448275862069,100,0.350952373903083
"Downstream TCR signaling",550,0.63977783157011,7.54388421998516,0,0,0.141273855669996
"Dual Incision in GG_NER",100,0.755851745898354,6.78410608456803,0.0344827586206897,100,0.265194772220791
"Dual incision in TC_NER",100,0.885941711952747,9.62889129118253,0.0689655172413793,100,0.293837150823273
"E2F mediated regulation of DNA replication",100,1.30614478689091,11.0752405396165,0.241379310344828,100,0.364568861047329
"ECM proteoglycans",100,0,0,0,0,0
"Effects of PIP2 hydrolysis",400,0.152596462510915,1.08760011297908,0,0,0.0471746402653203
"EGFR downregulation",100,0.837893492728677,4.75022905541827,0.0344827586206897,100,0.283689558355506
"EGFR interacts with phospholipase C_gamma",150,0.362187432451618,2.0692730321027,0,0,0.136576615928835
"Eicosanoid ligand_binding receptors",100,0,0,0,0,0
"Elastic fibre formation",150,0.401950584463396,2.37439582605643,0,0,0.148774899857748
"Elevation of cytosolic Ca2+ levels",800,0.0560973203718177,0.220424147672866,0,0,0.0142494236078525
"Elongation arrest and recovery",100,0.392349301788387,5.06889360936459,0,0,0.162265934738841
"Endogenous sterols",1000,0.0820707823626043,0.342784204377349,0,0,0.0189303201839985
"Endosomal Sorting Complex Required For Transport ESCRT",650,0.995766741873553,15.7348287996451,0.344827586206897,100,0.177647047749055
"Energy dependent regulation of mTOR by LKB1_AMPK",400,0.324631646119734,3.33784799635275,0,0,0.0924021505265619
"eNOS activation and regulation",100,0,0,0,0,0
"EPHA_mediated growth cone collapse",550,0.091807139651993,0.545157638900957,0,0,0.0262222641232827
"EPHB_mediated forward signaling",100,0.392349301788387,2.04315403088192,0,0,0.162265934738841
"EPH_ephrin mediated repulsion of cells",550,0.0483065803032037,0.299472598591916,0,0,0.014097294360231
"EPH_Ephrin signaling",100,0.230616759111008,0.881971756000455,0,0,0.10297814112452
"Ephrin signaling",700,0.22871814743807,1.54106554523869,0,0,0.0560782269750316
"ERBB2 Regulates Cell Motility",100,0,0,0,0,0
"ERCC6 CSB and EHMT2 G9a positively regulate rRNA expression",200,0.578616167038071,4.53675948997775,0,0,0.181974908151655
"ERKslashMAPK targets",100,0.510888143797809,2.52810393448572,0,0,0.200018755423244
"ER_Phagosome pathway",100,1.11191933311082,9.04383288584635,0.0344827586206897,100,0.335536482858884
"Eukaryotic Translation Elongation",1500,3.12843193825258,50.0094420988648,1,100,0.196227552780527
"Eukaryotic Translation Termination",1500,2.57751544099281,37.3809226906214,0.96551724137931,100,0.189624595709027
"Export of Viral Ribonucleoproteins from Nucleus",1300,0.00334374202348208,0.0105571556290201,0,0,0.000724811807339429
"Extension of Telomeres",200,0.245485898380792,2.2658148881605,0,0,0.0901642206125742
"Fanconi Anemia Pathway",650,1.20291267427537,17.6746673606069,0.413793103448276,100,0.19712068434357
"Fatty acids",100,0,0,0,0,0
"Fatty Acyl_CoA Biosynthesis",900,0.0275263560799684,0.126367261446752,0,0,0.00678773956789533
"FCERI mediated Ca+2 mobilization",200,0.22197974767018,1.26864941956908,0,0,0.0824568373741114
"FCGR activation",150,0.362187432451618,3.99998652104134,0,0,0.136576615928835
"Fertilization",850,0.0535560023124504,0.185399121362508,0,0,0.0133182129413393
"FGFR1 ligand binding and activation",100,0,0,0,0,0
"FGFR1 mutant receptor activation",150,0.349435289269325,2.16049684411003,0,0,0.132560751915672
"FGFR2 alternative splicing",100,0.477479842965305,3.79654495516143,0,0,0.189827605109198
"FGFR2 ligand binding and activation",100,0,0,0,0,0
"FGFR2 mutant receptor activation",100,0.513630251558616,3.22704585685477,0,0,0.200840209549507
"Formation of a pool of free 40S subunits",1500,2.61637797486736,39.3360426720928,1,100,0.190218783728293
"Formation of ATP by chemiosmotic coupling",100,0.981587433318052,13.3048103718764,0.206896551724138,100,0.312642104930049
"Formation of Fibrin Clot Clotting Cascade",1300,0.00334374202348208,0.0105571556290201,0,0,0.000724811807339429
"Formation of HIV_1 elongation complex containing HIV_1 Tat",100,0.350724757285462,3.38657081266393,0,0,0.147911226538068
"Formation of HIV elongation complex in the absence of HIV Tat",100,0.347278462171478,3.24634616315245,0,0,0.146695731444027
"Formation of Incision Complex in GG_NER",100,1.08331555107338,8.61592553752549,0.0344827586206897,100,0.330764278079786
"Formation of RNA Pol II elongation complex",100,0.347278462171478,3.24634616315245,0,0,0.146695731444027
"Formation of Senescence_Associated Heterochromatin Foci SAHF",1200,0.00637144137933346,0.0213973329685954,0,0,0.00142272451079191
"Formation of TC_NER Pre_Incision Complex",750,1.0498340620059,16.3343753650005,0.344827586206897,100,0.173862396306828
"Formation of the beta_catenin:TCF transactivating complex",100,0.364188364406899,2.34722862098656,0,0,0.152619842848925
"Formation of the Early Elongation Complex",100,0.405234684777386,3.20200004901853,0,0,0.166589850039909
"Formation of the HIV_1 Early Elongation Complex",100,0.405234684777386,3.20200004901853,0,0,0.166589850039909
"Formation of the ternary complex and subsequently the 43S complex",100,0.885941711952747,8.41298514239308,0.0344827586206897,100,0.293837150823273
"Formation of tubulin folding intermediates by CCTslashTriC",1300,0.00334374202348208,0.0105571556290201,0,0,0.000724811807339429
"G0 and Early G1",400,0.281396301537286,2.37402477050691,0,0,0.0817569413757386
"G1 Phase",100,1.11191933311082,7.82762804856112,0.0344827586206897,100,0.335536482858884
"G1slashS DNA Damage Checkpoints",100,0.546132117656936,3.82933058355751,0,0,0.210407147166335
"G1slashS_Specific Transcription",100,0,0,0,0,0
"G2slashM DNA damage checkpoint",300,0.359743124452315,2.89111091698739,0,0,0.110592538793008
"GABA B receptor activation",1350,0.00222802400934327,0.00721341360553806,0,0,0.000476130102547075
"GABA receptor activation",1350,0.00222802400934327,0.00721341360553806,0,0,0.000476130102547075
"GABA synthesis release reuptake and degradation",550,0.163256320386334,1.35961021008418,0,0,0.045027560805662
"G alpha 12slash13 signalling events",550,0.0131466755186298,0.0770216165390105,0,0,0.00390428215782267
"G alpha z signalling events",500,0.0743272372414971,0.403920668992518,0,0,0.0221355524366303
"Gamma carboxylation hypusine formation and arylsulfatase activation",100,0.510888143797809,4.11238488034049,0,0,0.200018755423244
"Gap_filling DNA repair synthesis and ligation in GG_NER",100,0.950219229637238,6.45583837284941,0.0344827586206897,100,0.306671876173376
"Gap_filling DNA repair synthesis and ligation in TC_NER",100,0.885941711952747,8.92679276397941,0.0689655172413793,100,0.293837150823273
"Gap junction assembly",400,0.214134989970149,1.69931083291039,0,0,0.0642535305187248
"Gap junction trafficking",400,0.152596462510915,1.001750420807,0,0,0.0471746402653203
"Gap junction trafficking and regulation",400,0.152596462510915,0.968994413777442,0,0,0.0471746402653203
"G beta:gamma signalling through PI3Kgamma",300,0.568259565244989,5.25805387101159,0,0,0.158668148833022
"G beta:gamma signalling through PLC beta",550,0.0981332457547222,0.60369709025022,0,0,0.0279420289174478
"Generation of second messenger molecules",250,0.927092199990058,8.45502077370394,0.0689655172413793,250,0.234120431512252
"GLI3 is processed to GLI3R by the proteasome",100,0.546132117656936,4.34902178622754,0,0,0.210407147166335
"Global Genome Nucleotide Excision Repair GG_NER",100,0.709932958830164,5.37949030071821,0.0344827586206897,100,0.254161420516009
"Glucagon_like Peptide_1 GLP1 regulates insulin secretion",100,0,0,0,0,0
"Glucagon signaling in metabolic regulation",100,0,0,0,0,0
"Glucagon_type ligand receptors",100,0,0,0,0,0
"Gluconeogenesis",100,0,0,0,0,0
"Glucose metabolism",100,0.817284598061375,3.34088123654721,0.0344827586206897,100,0.279185385656874
"Glucose transport",1300,0.00334374202348208,0.0105571556290201,0,0,0.000724811807339429
"Glucuronidation",950,0.0839091641173033,0.371282258952936,0,0,0.0197161052177363
"Glutamate Binding Activation of AMPA Receptors and Synaptic Plasticity",500,0.126486245255352,0.736855768658168,0,0,0.0367154617498198
"Glutamate Neurotransmitter Release Cycle",800,0.0828467695882695,0.412213153013853,0,0,0.0207677496785706
"Glutathione conjugation",400,0.140187084178282,0.915945602742748,0,0,0.0436014641864209
"Glycogen breakdown glycogenolysis",1100,0.0263099432562391,0.0844649528052309,0,0,0.006015545350335
"Glycogen synthesis",100,1.11191933311082,8.82570511024473,0.0689655172413793,100,0.335536482858884
"Glycolysis",100,0.448913022609719,2.12497933071379,0,0,0.180839192086165
"Glycosphingolipid metabolism",600,0.0503044304504861,0.268355455457906,0,0,0.0142224265863215
"Glyoxylate metabolism and glycine degradation",500,0.79134497644332,7.08671458111124,0.0344827586206897,500,0.168959740267483
"Golgi Associated Vesicle Biogenesis",150,0.637073116055647,4.57066935577638,0,0,0.2117824823493
"G_protein activation",100,0,0,0,0,0
"G_protein beta:gamma signalling",550,0.603806521269579,5.68488027122505,0,0,0.135499338860874
"G protein gated Potassium channels",1350,0.00222802400934327,0.00721341360553806,0,0,0.000476130102547075
"G_protein mediated events",150,0.3465319196313,2.08315400201487,0,0,0.131639252827259
"GPVI_mediated activation cascade",550,0.63977783157011,5.54581966504476,0,0,0.141273855669996
"GRB2 events in ERBB2 signaling",100,0,0,0,0,0
"GRB2:SOS provides linkage to MAPK signaling for Integrins",750,0.0680372278789399,0.286827384336353,0,0,0.017593238468199
"Growth hormone receptor signaling",550,0.417691912501688,2.66422310166643,0,0,0.102066872795915
"HDACs deacetylate histones",200,0.475825122860227,2.96264479703176,0,0,0.156832796142211
"HDL_mediated lipid transport",1350,0.00222802400934327,0.00721341360553806,0,0,0.000476130102547075
"HDMs demethylate histones",200,0.240749823048354,1.71233361122087,0,0,0.0886258584946363
"HDR through Homologous Recombination HRR",100,0.625031177656315,6.28566662815382,0,0,0.23237762970886
"HDR through Single Strand Annealing SSA",300,0.274241188334287,2.02565902061966,0,0,0.0877916637524459
"Hedgehog ligand biogenesis",150,0.624814924309525,5.68374293922253,0,0,0.208850688638372
"Hedgehog  off  state",100,0.744169041707355,5.64381304673349,0.0344827586206897,100,0.262435525855649
"Hedgehog  on  state",100,0.844110554328372,5.54257821213058,0.0344827586206897,100,0.285030201945781
"Heparan sulfateslashheparin HS_GAG metabolism",550,0.110795941616061,0.695238847202424,0,0,0.0313518969365493
"Hexose transport",1300,0.00308894370106404,0.0103023573066021,0,0,0.000669665288353248
"Hh mutants abrogate ligand secretion",150,0.624814924309525,5.98473222266681,0,0,0.208850688638372
"Hh mutants that don t undergo autocatalytic processing are degraded by ERAD",150,0.624814924309525,5.98473222266681,0,0,0.208850688638372
"Histidine lysine phenylalanine tyrosine proline and tryptophan catabolism",450,0.113711317882882,0.749654344440122,0,0,0.0344355645010477
"HIV elongation arrest and recovery",100,0.392349301788387,5.06889360936459,0,0,0.162265934738841
"HIV Transcription Elongation",100,0.350724757285462,3.38657081266393,0,0,0.147911226538068
"HIV Transcription Initiation",100,0.368529831013287,2.11218292689783,0,0,0.154124713165116
"Homologous DNA Pairing and Strand Exchange",300,0.274241188334287,2.02565902061966,0,0,0.0877916637524459
"Hormone_sensitive lipase HSL_mediated triacylglycerol hydrolysis",1250,0.00446873596024185,0.015025891589262,0,0,0.000983074122853068
"Host Interactions with Influenza Factors",1050,0.0133193814291793,0.0710251730121759,0,0,0.0031202630651844
"HSF1 activation",500,0.15778250936353,1.31567069659281,0,0,0.0451055090677732
"HSF1_dependent transactivation",500,0.151658572771438,1.03421190219585,0,0,0.0434843730651817
"HS_GAG biosynthesis",550,0.104805678907318,0.610369523402816,0,0,0.0297441928696598
"HS_GAG degradation",500,0.119296226845618,0.722993317095838,0,0,0.0347505533182262
"Hyaluronan metabolism",500,0.490500600510684,3.76623415198438,0,0,0.119799773319765
"IKK complex recruitment mediated by RIP1",100,0.855400021069407,5.00362967146494,0.0344827586206897,100,0.28744344856646
"IL_6_type cytokine receptor ligand interactions",300,0.202521890285031,1.9246880671257,0,0,0.0671039477736659
"Inactivation of APCslashC via direct inhibition of the APCslashC complex",850,0.0378288936685302,0.164326827301048,0,0,0.0094809211534049
"Inactivation recovery and regulation of the phototransduction cascade",100,0.546132117656936,2.6889644317723,0,0,0.210407147166335
"Incretin synthesis secretion and inactivation",850,0.0378288936685302,0.188936989589165,0,0,0.0094809211534049
"Inflammasomes",450,0.121156111112308,0.846860533763633,0,0,0.0365564366353723
"Inhibition of the proteolytic activity of APCslashC required for the onset of anaphase by mitotic spindle checkpoint components",850,0.0378288936685302,0.164326827301048,0,0,0.0094809211534049
"Inhibition  of voltage gated Ca2+ channels via Gbetaslashgamma subunits",1350,0.00222802400934327,0.00721341360553806,0,0,0.000476130102547075
"Initial triggering of complement",800,0.105323746980697,0.371523410660031,0,0,0.0261117436286142
"Inositol phosphate metabolism",100,0.434953160734581,2.47906864129722,0,0,0.176352507405197
"Insulin processing",1000,0.0212091675526079,0.104041792474458,0,0,0.00504191131846182
"Insulin receptor recycling",250,0.416171473573766,3.25333555140436,0,0,0.131892493957883
"Integrin alphaIIb beta3 signaling",250,0.211302971385804,1.44426224855584,0,0,0.0737934868548866
"Integrin cell surface interactions",1350,0.00222802400934327,0.00721341360553806,0,0,0.000476130102547075
"Interaction between L1 and Ankyrins",900,0.193091149842091,0.639190160224564,0,0,0.0438982934594316
"Interactions of Rev with host cellular proteins",1300,0.00334374202348208,0.0105571556290201,0,0,0.000724811807339429
"Interactions of Vpr with host cellular proteins",700,0.02699755893488,0.190466068046073,0,0,0.00730614355228999
"Interferon alphaslashbeta signaling",100,0.539659560711854,3.20358858177089,0,0,0.208526661726014
"Interferon gamma signaling",100,0.662681467588298,5.72524284019123,0,0,0.242266364559768
"Interleukin_1 signaling",500,0.621015415662567,6.85402690399597,0,0,0.142951732038458
"Interleukin_6 family signaling",300,0.162696616905403,1.47404611332969,0,0,0.0549590880458202
"Intraflagellar transport",200,0.245485898380792,1.70708559965108,0,0,0.0901642206125742
"Intra_Golgi traffic",250,0.16440789821875,1.08970139959409,0,0,0.0587353559266303
"Intrinsic Pathway for Apoptosis",100,0.368529831013287,2.59709291023464,0,0,0.154124713165116
"Intrinsic Pathway of Fibrin Clot Formation",100,0,0,0,0,0
"Inwardly rectifying K+ channels",1350,0.00222802400934327,0.00721341360553806,0,0,0.000476130102547075
"Ion homeostasis",400,0.136018873349862,0.857907529995827,0,0,0.0423912802734016
"Ion transport by P_type ATPases",250,0.207473504489137,1.58248864375655,0,0,0.0725901393427106
"IRE1alpha activates chaperones",500,0.089601452756462,0.696073049574997,0,0,0.0264841461848089
"Iron uptake and transport",150,0.555431200734842,4.13250190186045,0,0,0.191561392635436
"ISG15 antiviral mechanism",100,0.510888143797809,3.02476496333158,0,0,0.200018755423244
"JNK c_Jun kinases phosphorylation and  activation mediated by activated human TAK1",250,0.211302971385804,1.46159970127029,0,0,0.0737934868548866
"Keratan sulfate biosynthesis",1200,0.00637144137933346,0.0213973329685954,0,0,0.00142272451079191
"Keratan sulfateslashkeratin metabolism",1200,0.00637144137933346,0.0213973329685954,0,0,0.00142272451079191
"Kinesins",400,0.140187084178282,1.03585189742484,0,0,0.0436014641864209
"KSRP KHSRP binds and destabilizes mRNA",650,0.0783330757943057,0.420063547158131,0,0,0.02122648212797
"L1CAM interactions",100,0.328766694334441,1.47759591043808,0,0,0.140094533436389
"Lagging Strand Synthesis",200,0.245485898380792,1.7316957619392,0,0,0.0901642206125742
"Laminin interactions",100,0,0,0,0,0
"Ligand_dependent caspase activation",100,0,0,0,0,0
"Ligand_gated ion channel transport",100,0,0,0,0,0
"Lipid digestion mobilization and transport",1250,0.00446873596024185,0.015025891589262,0,0,0.000983074122853068
"Lipoprotein metabolism",1350,0.00222802400934327,0.00721341360553806,0,0,0.000476130102547075
"Loss of Nlp from mitotic centrosomes",300,0.0771328018116961,0.569264145506586,0,0,0.0271711996986129
"Loss of proteins required for interphase microtubule organizationÂ from the centrosome",300,0.0771328018116961,0.569264145506586,0,0,0.0271711996986129
"Lysosome Vesicle Biogenesis",1100,0.0125620678684898,0.0548981966153122,0,0,0.00289195727198988
"Macroautophagy",500,0.506244466571926,6.07629081282861,0,0,0.122755455917403
"MAP2K and MAPK activation",250,0.296108365911092,2.64920034140821,0,0,0.0992946081891702
"MAP3K8 TPL2_dependent MAPK1slash3 activation",100,0.981587433318052,10.0886002972169,0.137931034482759,100,0.312642104930049
"MAPK6slashMAPK4 signaling",100,0.458403816118561,3.36228003628612,0,0,0.183853952546136
"MAP kinase activation in TLR cascade",250,0.927092199990058,8.99093790150243,0.103448275862069,100,0.234120431512252
"MAPK targetsslash Nuclear events mediated by MAP kinases",150,0.584806858294943,3.14711706604399,0,0,0.199028002317895
"Meiosis",100,0.291660854052146,1.05709378332782,0,0,0.126489078776089
"Meiotic recombination",100,0.385049319877098,1.7322152085061,0,0,0.159791461354797
"Meiotic synapsis",1150,0.00894345238164605,0.0367527542427492,0,0,0.00202761196324669
"Metabolism of Angiotensinogen to Angiotensins",1500,0.0105455239184692,0.0409912887087736,0,0,0.00215270894224612
"Metabolism of fat_soluble vitamins",700,0.0590380802330788,0.323017444430468,0,0,0.0157249147737812
"Metabolism of folate and pterines",100,0,0,0,0,0
"Metabolism of nitric oxide",100,0,0,0,0,0
"Metabolism of non_coding RNA",200,0.174647033042266,1.11231586844177,0,0,0.0663763259552705
"Metabolism of nucleotides",200,0.0955480617637582,0.458830474774248,0,0,0.0377453440475976
"Metabolism of polyamines",800,0.0448582649040043,0.383714571328022,0,0,0.0114582330392554
"Metabolism of porphyrins",100,0,0,0,0,0
"Metabolism of steroid hormones",1000,0.0212091675526079,0.0988409053667832,0,0,0.00504191131846182
"Metabolism of water_soluble vitamins and cofactors",200,0.147950424718304,0.632728603517474,0,0,0.0569651877017392
"Metal ion SLC transporters",400,0.152596462510915,1.11351087074765,0,0,0.0471746402653203
"MicroRNA miRNA biogenesis",100,0.477479842965305,5.32836612841846,0,0,0.189827605109198
"Miscellaneous transport and binding events",500,0.15778250936353,0.869046558243926,0,0,0.0451055090677732
"Mismatch Repair",200,0.253876870613719,1.78139819427111,0,0,0.0928719335820846
"Misspliced GSK3beta mutants stabilize beta_catenin",100,0.546132117656936,2.66435426948418,0,0,0.210407147166335
"Mitochondrial biogenesis",400,0.324631646119734,3.07524424048851,0,0,0.0924021505265619
"Mitochondrial Fatty Acid Beta_Oxidation",200,0.253876870613719,2.05147731476237,0,0,0.0928719335820846
"Mitochondrial protein import",700,0.189323105641567,1.34856062029791,0,0,0.047310114671689
"Mitochondrial translation",650,0.00764634338770168,0.063122865564517,0,0,0.00214598211951489
"Mitochondrial translation elongation",650,0.0100962368180134,0.0732355446555322,0,0,0.00283009249171202
"Mitochondrial translation initiation",650,0.0100962368180134,0.0732355446555322,0,0,0.00283009249171202
"Mitochondrial translation termination",650,0.0100962368180134,0.0782833356819227,0,0,0.00283009249171202
"Mitochondrial tRNA aminoacylation",1150,0.659480504599146,10.1440227391947,0,0,0.109966283387234
"Mitophagy",100,0.879341523690085,6.89697149856725,0.0344827586206897,100,0.292471936827249
"Mitotic Spindle Checkpoint",850,0.0378288936685302,0.164326827301048,0,0,0.0094809211534049
"Molecules associated with elastic fibres",150,0.475660875600586,2.76316124370239,0,0,0.170143462869125
"mRNA 3 _end processing",100,0.552209655930559,2.56743609530075,0,0,0.212161821362454
"mRNA Capping",100,0.448913022609719,2.59606639362554,0,0,0.180839192086165
"mRNA decay by 5  to 3  exoribonuclease",100,0.544013597529043,3.82055568378357,0,0,0.209792988554724
"mRNA Splicing _ Minor Pathway",100,0.949875438195803,7.80987628216879,0.0689655172413793,100,0.306605400192734
"MslashG1 Transition",100,1.11191933311082,8.11583710675576,0.0344827586206897,100,0.335536482858884
"mTORC1_mediated signalling",250,0.209988365395152,2.17347516119052,0,0,0.0733809126963445
"mTOR signalling",800,0.349283536521526,5.00790487991954,0,0,0.0770046905652968
"MyD88 cascade initiated on plasma membrane",250,0.927092199990058,9.60375899422086,0.103448275862069,250,0.234120431512252
"MyD88 dependent cascade initiated on endosome",250,0.927092199990058,9.53591039275883,0.103448275862069,250,0.234120431512252
"MyD88_independent TLR3slashTLR4 cascade",250,0.744477267238552,6.71326215487765,0.0344827586206897,250,0.203405361190755
"MyD88:Mal cascade initiated on plasma membrane",250,0.927092199990058,9.17299274362954,0.103448275862069,250,0.234120431512252
"Myogenesis",250,0.211302971385804,1.48620986355841,0,0,0.0737934868548866
"Na+slashCl_ dependent neurotransmitter transporters",100,0,0,0,0,0
"NCAM1 interactions",100,0,0,0,0,0
"Nef_mediates down modulation of cell surface receptors by recruiting them to clathrin adapters",100,0.523915220646665,2.59318825274936,0,0,0.2039012902032
"Negative epigenetic regulation of rRNA expression",150,0.362187432451618,2.26585980705914,0,0,0.136576615928835
"Negative regulation of FGFR1 signaling",100,1.26912617011346,9.47151147905492,0.103448275862069,100,0.359461435953834
"Negative regulation of FGFR2 signaling",100,1.26581121652077,9.23593602589612,0.103448275862069,100,0.35899478409875
"Negative regulation of FGFR3 signaling",100,1.26581121652077,9.23593602589612,0.103448275862069,100,0.35899478409875
"Negative regulation of FGFR4 signaling",100,1.24616495304042,9.00213902886077,0.0689655172413793,100,0.356197167098459
"Negative regulation of MAPK pathway",100,1.11191933311082,10.1445665057296,0.137931034482759,100,0.335536482858884
"Negative regulation of TCF_dependent signaling by WNT ligand antagonists",100,0,0,0,0,0
"Negative regulation of the PI3KslashAKT network",100,0.324945161450478,2.00417011703049,0,0,0.138716511459714
"Negative regulators of RIG_IslashMDA5 signaling",500,0.79134497644332,6.90762396875748,0.0344827586206897,500,0.168959740267483
"Nephrin interactions",900,1.07226993072224,15.4660013616662,0.206896551724138,700,0.164442301282719
"NEPslashNS2 Interacts with the Cellular Export Machinery",1300,0.00334374202348208,0.0105571556290201,0,0,0.000724811807339429
"Netrin_1 signaling",200,0.240213564417711,1.94151871610828,0,0,0.0884512124548626
"Neurotransmitter Release Cycle",1100,0.10292573262989,0.9198811820533,0,0,0.0226579863163503
"N_Glycan antennae elongation",1200,0.00637144137933346,0.0213973329685954,0,0,0.00142272451079191
"N_glycan antennae elongation in the medialslashtrans_Golgi",1200,0.00637144137933346,0.0213973329685954,0,0,0.00142272451079191
"N_glycan trimming in the ER and CalnexinslashCalreticulin cycle",150,0.362187432451618,2.22420298839977,0,0,0.136576615928835
"NIK__>noncanonical NF_kB signaling",100,0.546132117656936,3.91136371242329,0,0,0.210407147166335
"Nitric oxide stimulates guanylate cyclase",650,0.136579924902789,0.746817819397522,0,0,0.0359664890904687
"NOD1slash2 Signaling Pathway",250,0.181924785662524,0.906378578023169,0,0,0.0644428561978274
"Nonhomologous End_Joining NHEJ",700,0.282845421535868,3.01097933307505,0,0,0.0675755706260416
"Non_integrin membrane_ECM interactions",1300,0.00334374202348208,0.0105571556290201,0,0,0.000724811807339429
"Nonsense Mediated Decay NMD independent of the Exon Junction Complex EJC",1500,2.37017944464661,33.6377884529775,0.896551724137931,100,0.186033068949109
"NoRC negatively regulates rRNA expression",150,0.362187432451618,2.31242805563305,0,0,0.136576615928835
"Norepinephrine Neurotransmitter Release Cycle",800,0.132276691916798,0.633102841288339,0,0,0.0323635382914575
"NOTCH1 Intracellular Domain Regulates Transcription",150,0.688952181969357,7.13539724627069,0,0,0.223800086673106
"NOTCH2 Activation and Transmission of Signal to the Nucleus",100,0.975458182637225,6.80911420708154,0.0344827586206897,100,0.31149021491897
"NRAGE signals death through JNK",1100,0.0125620678684898,0.0548981966153122,0,0,0.00289195727198988
"NRIF signals cell death from the nucleus",100,1.07448159118659,8.13413721162115,0.0344827586206897,100,0.329262633532621
"NS1 Mediated Effects on Host Pathways",1050,0.0133193814291793,0.0710251730121759,0,0,0.0031202630651844
"Nuclear Envelope Breakdown",200,0.174647033042266,1.24596961638235,0,0,0.0663763259552705
"Nuclear Events kinase and transcription factor activation",150,0.637073116055647,3.64204610786131,0,0,0.2117824823493
"Nuclear import of Rev protein",1300,0.00334374202348208,0.0105571556290201,0,0,0.000724811807339429
"Nuclear Pore Complex NPC Disassembly",1300,0.00334374202348208,0.0105571556290201,0,0,0.000724811807339429
"Nuclear Receptor transcription pathway",400,0.348209862488487,2.8004156091062,0,0,0.0980164306349623
"Nuclear signaling by ERBB4",500,0.108068023077513,0.658924117864647,0,0,0.031653680205939
"Nucleosome assembly",200,0.475825122860227,2.87692843810969,0,0,0.156832796142211
"Nucleotide_binding domain leucine rich repeat containing receptor NLR signaling pathways",250,0.116878988544982,0.941162363934223,0,0,0.0427358455262555
"Nucleotide_like purinergic receptors",1300,0.00334374202348208,0.0105571556290201,0,0,0.000724811807339429
"O_glycosylation of TSR domain_containing proteins",300,0.289495661548791,2.18966032038887,0,0,0.0920037645190055
"O_linked glycosylation of mucins",600,0.0576418749791572,0.305218690224605,0,0,0.0162377776315611
"Oncogene Induced Senescence",150,1.17331326528071,10.4793117612296,0.172413793103448,100,0.310444444189874
"Opioid Signalling",550,0.43263135864718,4.65368478357645,0,0,0.10498611461876
"Orc1 removal from chromatin",100,1.11191933311082,7.07145371878224,0.0344827586206897,100,0.335536482858884
"Other semaphorin interactions",1450,0.00174170763967047,0.00311327566534717,0,0,0.000361945259724668
"Oxidative Stress Induced Senescence",100,0.735249570212028,4.17611028983699,0.0344827586206897,100,0.260307098186172
"Oxygen_dependent proline hydroxylation of Hypoxia_inducible Factor Alpha",100,1.36305598982502,10.5098654341139,0.172413793103448,100,0.372061189251124
"p130Cas linkage to MAPK signaling for integrins",750,0.0694851177790957,0.289909265451961,0,0,0.0179547835778905
"p53_Dependent G1 DNA Damage Response",100,0.546132117656936,3.82933058355751,0,0,0.210407147166335
"p53_Dependent G1slashS DNA damage checkpoint",100,0.546132117656936,3.82933058355751,0,0,0.210407147166335
"p53_Independent DNA Damage Response",100,0.561863803665629,4.79296525528645,0,0,0.214927283095772
"p53_Independent G1slashS DNA damage checkpoint",100,0.561863803665629,4.79296525528645,0,0,0.214927283095772
"p75 NTR receptor_mediated signalling",100,0.744169041707355,3.92075464825014,0.0344827586206897,100,0.262435525855649
"p75NTR signals via NF_kB",100,0.985916846952085,7.21695928980519,0.0344827586206897,100,0.31345150138512
"Packaging Of Telomere Ends",100,0,0,0,0,0
"Pausing and recovery of HIV elongation",100,0.392349301788387,5.06889360936459,0,0,0.162265934738841
"Pausing and recovery of Tat_mediated HIV elongation",100,0.395449286792083,5.20802037231243,0,0,0.163311284155488
"PCNA_Dependent Long Patch Base Excision Repair",1400,0.00187211393084763,0.0049853895961948,0,0,0.000394453345329305
"PCPslashCE pathway",100,0.495640845330799,3.97695903005881,0,0,0.195409804115016
"PD_1 signaling",250,0.872804470144647,11.6346839334561,0.137931034482759,250,0.225567774611465
"Peptide chain elongation",1500,2.79238633275012,41.1805114024562,1,100,0.192638701202378
"Peptide hormone metabolism",1100,0.0125620678684898,0.0940420650318746,0,0,0.00289195727198988
"PERK regulates gene expression",100,0.457101487388682,2.37202225050242,0,0,0.183441958247924
"Peroxisomal lipid metabolism",450,0.126160641200246,0.994254600468721,0,0,0.0379732781204591
"Phase 0 _ rapid depolarisation",100,0,0,0,0,0
"Phase 1 _ Functionalization of compounds",150,0.332894925248491,1.71411574413774,0,0,0.127275037726094
"Phase 1 _ inactivation of fast Na+ channels",100,0,0,0,0,0
"Phase 2 _ plateau phase",100,0,0,0,0,0
"Phase 4 _ resting membrane potential",1350,0.00222802400934327,0.00721341360553806,0,0,0.000476130102547075
"Phospholipase C_mediated cascade: FGFR1",150,0.362187432451618,2.02784467370413,0,0,0.136576615928835
"Phospholipase C_mediated cascade FGFR2",150,0.361878406591073,2.01721579068792,0,0,0.136479902737864
"Phospholipase C_mediated cascade FGFR3",150,0.361878406591073,2.01721579068792,0,0,0.136479902737864
"Phospholipase C_mediated cascade FGFR4",150,0.361878406591073,2.00009661993707,0,0,0.136479902737864
"Phosphorylation of CD3 and TCR zeta chains",250,0.872804470144647,7.53203012555432,0.0689655172413793,250,0.225567774611465
"Phosphorylation of the APCslashC",850,0.0378288936685302,0.164326827301048,0,0,0.0094809211534049
"phosphorylation site mutants of CTNNB1 are not targeted to the proteasome by the destruction complex",100,0.546132117656936,2.66435426948418,0,0,0.210407147166335
"PI3K Cascade",550,0.376287952719138,4.38054484865078,0,0,0.093744651681273
"PI3K events in ERBB2 signaling",550,0.200755310437922,1.10551997795751,0,0,0.0543725280620888
"PI3KslashAKT Signaling in Cancer",150,0.231701279394881,2.10782246553161,0,0,0.0929621075318044
"PI5P PP2A and IER3 Regulate PI3KslashAKT Signaling",100,0.339901221718377,1.93964309368883,0,0,0.144079683157729
"PI Metabolism",800,0.349283536521526,3.15964408728072,0,0,0.0770046905652968
"PinkslashParkin Mediated Mitophagy",100,0.879341523690085,6.89697149856725,0.0344827586206897,100,0.292471936827249
"PIWI_interacting RNA piRNA biogenesis",100,0.510888143797809,5.33850657227446,0,0,0.200018755423244
"PKA activation",100,0,0,0,0,0
"PKA activation in glucagon signalling",100,0,0,0,0,0
"PKA_mediated phosphorylation of CREB",150,0.475660875600586,2.76316124370239,0,0,0.170143462869125
"PKB_mediated events",800,0.349283536521526,4.76163915018121,0,0,0.0770046905652968
"PKMTs methylate histone lysines",200,0.22302874109303,1.31779534230005,0,0,0.0828046655300025
"Platelet Aggregation Plug Formation",250,0.207473504489137,1.30945415937225,0,0,0.0725901393427106
"Platelet calcium homeostasis",800,0.0490305256695575,0.21205675749015,0,0,0.0124980662463483
"Platelet homeostasis",100,0.319981629796881,1.59058791648635,0,0,0.136918811649239
"Platelet sensitization by LDL",100,0.544013597529043,3.39410738238079,0,0,0.209792988554724
"PLC beta mediated events",150,0.3465319196313,2.08315400201487,0,0,0.131639252827259
"PLC_gamma1 signalling",150,0.362187432451618,2.0692730321027,0,0,0.136576615928835
"Polo_like kinase mediated events",300,0.242044897341006,1.62679284089406,0,0,0.0786878003865338
"Positive epigenetic regulation of rRNA expression",200,0.437797575189151,2.78722483483077,0,0,0.14685675679098
"Post_chaperonin tubulin folding pathway",550,0.0958178185571627,0.640535646460317,0,0,0.0273138372409851
"Post_Elongation Processing of Intron_Containing pre_mRNA",100,0.552209655930559,2.56743609530075,0,0,0.212161821362454
"Post_Elongation Processing of Intronless pre_mRNA",1150,0.0571264884563633,0.310437275330522,0,0,0.0126448000541479
"Post_Elongation Processing of the Transcript",100,0.546132117656936,2.46752831789696,0,0,0.210407147166335
"Post NMDA receptor activation events",250,0.416171473573766,3.25333555140436,0,0,0.131892493957883
"Post_translational modification: synthesis of GPI_anchored proteins",200,0.240213564417711,1.6364509281451,0,0,0.0884512124548626
"Potassium Channels",650,0.119056921471372,0.738851179625759,0,0,0.0316220382015302
"PRC2 methylates histones and DNA",100,0.448913022609719,3.07271399987782,0,0,0.180839192086165
"Prefoldin mediated transfer of substrate  to CCTslashTriC",1300,0.00334374202348208,0.0105571556290201,0,0,0.000724811807339429
"Pre_NOTCH Expression and Processing",100,0.335588683427889,2.72161934881632,0,0,0.142541448699489
"Pre_NOTCH Processing in Golgi",100,0,0,0,0,0
"Pre_NOTCH Transcription and Translation",700,0.282040771152555,2.06685300654081,0,0,0.0674091693258438
"Presynaptic function of Kainate receptors",550,0.0981332457547222,0.60369709025022,0,0,0.0279420289174478
"Presynaptic phase of homologous DNA pairing and strand exchange",300,0.274241188334287,2.02565902061966,0,0,0.0877916637524459
"Processing of Capped Intronless Pre_mRNA",1150,0.0571264884563633,0.310437275330522,0,0,0.0126448000541479
"Processing of DNA double_strand break ends",300,0.554649623538213,6.78537317845259,0,0,0.155826736814235
"Processing of Intronless Pre_mRNAs",1150,0.0571264884563633,0.316518015821918,0,0,0.0126448000541479
"Processive synthesis on the lagging strand",200,0.272183230649539,1.96259703751758,0,0,0.0987010117442901
"Prolactin receptor signaling",500,0.15778250936353,0.999564981843017,0,0,0.0451055090677732
"Prostacyclin signalling through prostacyclin receptor",100,0,0,0,0,0
"PTK6 Regulates RHO GTPases RAS GTPase and MAP kinases",150,0.362187432451618,2.0692730321027,0,0,0.136576615928835
"Purine metabolism",200,0.22197974767018,1.43662215716688,0,0,0.0824568373741114
"Pyrimidine metabolism",1250,0.00446873596024185,0.015025891589262,0,0,0.000983074122853068
"Pyruvate metabolism",400,0.195027992716936,1.53293623813253,0,0,0.0590627916664232
"Pyruvate metabolism and Citric Acid TCA cycle",500,0.15778250936353,1.64446943021687,0,0,0.0451055090677732
"RA biosynthesis pathway",700,0.0803616772394495,0.370270942691411,0,0,0.0211801236089593
"RAF activation",100,0.467709860732708,3.08884464761108,0,0,0.186782374621071
"RAF_independent MAPK1slash3 activation",300,0.162696616905403,1.22058382983964,0,0,0.0549590880458202
"Rap1 signalling",250,0.231574488901409,2.33994444967807,0,0,0.0800872836100209
"Ras activation uopn Ca2+ infux through NMDA receptor",100,0,0,0,0,0
"Recognition of DNA damage by PCNA_containing replication complex",100,0.879341523690085,7.9104085264088,0.0344827586206897,100,0.292471936827249
"Recruitment and ATM_mediated phosphorylation of repair and signaling proteins at DNA double strand breaks",250,0.623874204847318,7.72482813273949,0,0,0.179818160892102
"Recruitment of mitotic centrosome proteins and complexes",550,0.0958178185571627,0.916749198302759,0,0,0.0273138372409851
"Recycling of bile acids and salts",1100,0.0260444546261913,0.108223157164491,0,0,0.00595563070205939
"Recycling pathway of L1",100,0.499862718043289,2.49995933798036,0,0,0.196693034427947
"Regulated Necrosis",600,0.0812048160024869,0.473822669183044,0,0,0.0226106395597969
"Regulation of actin dynamics for phagocytic cup formation",250,0.742395127065459,8.60420797045151,0.0344827586206897,250,0.203021805492076
"Regulation of activated PAK_2p34 by proteasome mediated degradation",100,0.561863803665629,4.79296525528645,0,0,0.214927283095772
"Regulation of APCslashC activators between G1slashS and early anaphase",100,0.523915220646665,3.4996996991817,0,0,0.2039012902032
"Regulation of Apoptosis",100,0.561863803665629,4.79296525528645,0,0,0.214927283095772
"Regulation of beta_cell development",100,0,0,0,0,0
"Regulation of cholesterol biosynthesis by SREBP SREBF",100,0.552209655930559,4.62248019409063,0,0,0.212161821362454
"Regulation of Complement cascade",100,0,0,0,0,0
"Regulation of DNA replication",100,1.11191933311082,6.85960507367587,0.0344827586206897,100,0.335536482858884
"Regulation of FZD by ubiquitination",100,1.24616495304042,11.2987986912401,0.172413793103448,100,0.356197167098459
"Regulation of gene expression in beta cells",100,0,0,0,0,0
"Regulation of Glucokinase by Glucokinase Regulatory Protein",1300,0.00334374202348208,0.0105571556290201,0,0,0.000724811807339429
"Regulation of HSF1_mediated heat shock response",150,0.153886489488671,0.786056575518241,0,0,0.0641110205103406
"Regulation of Hypoxia_inducible Factor HIF by oxygen",100,1.24616495304042,10.4581808141796,0.172413793103448,100,0.356197167098459
"Regulation of IFNA signaling",550,0.259277927146666,2.20548517218218,0,0,0.0682742196955651
"Regulation of innate immune responses to cytosolic DNA",100,1.11191933311082,8.43526607338977,0.0344827586206897,100,0.335536482858884
"Regulation of Insulin_like Growth Factor IGF transport and uptake by Insulin_like Growth Factor Binding Proteins IGFBPs",1500,0.0105455239184692,0.0105455239184692,0,0,0.00215270894224612
"Regulation of insulin secretion",700,0.0482831199048347,0.34841161251485,0,0,0.0129290293964984
"Regulation of KIT signaling",550,0.259277927146666,1.37507140277737,0,0,0.0682742196955651
"Regulation of mitotic cell cycle",100,0.510888143797809,3.09211898153025,0,0,0.200018755423244
"Regulation of mRNA stability by proteins that bind AU_rich elements",100,0.454849881708903,4.14283364258219,0,0,0.182728391328937
"Regulation of ornithine decarboxylase ODC",550,0.0699619207092523,0.602806425385317,0,0,0.0201992452930807
"Regulation of PLK1 Activity at G2slashM Transition",100,0.513630251558616,2.69142505348892,0,0,0.200840209549507
"Regulation of RAS by GAPs",100,0.544013597529043,3.88223719075957,0,0,0.209792988554724
"Regulation of signaling by CBL",550,0.63977783157011,5.9566447529093,0,0,0.141273855669996
"Regulation of TNFR1 signaling",100,0.755851745898354,6.81183711607122,0.0344827586206897,100,0.265194772220791
"Regulation of TP53 Activity through Acetylation",200,0.518877137802353,4.53412953025975,0,0,0.167678418661096
"Regulation of TP53 Activity through Methylation",100,0.985916846952085,7.21695928980519,0.0344827586206897,100,0.31345150138512
"Regulation of TP53 Activity through Phosphorylation",100,0.506973993019915,4.42471249921613,0,0,0.198842282657555
"Regulation of TP53 Degradation",100,1.13219159910672,9.77940730197321,0.172413793103448,100,0.338836963879398
"Regulation of TP53 Expression and Degradation",100,1.11951450655719,9.5995417642044,0.172413793103448,100,0.336780880108609
"Removal of licensing factors from origins",100,1.11191933311082,7.07145371878224,0.0344827586206897,100,0.335536482858884
"Reproduction",850,0.0535560023124504,0.185399121362508,0,0,0.0133182129413393
"Resolution of Abasic Sites AP sites",850,0.0180893352153402,0.0923348677826,0,0,0.00457842303992054
"Resolution of AP sites via the multiple_nucleotide patch replacement pathway",1400,0.00187211393084763,0.0049853895961948,0,0,0.000394453345329305
"Resolution of D_Loop Structures",200,0.245485898380792,1.66565724125251,0,0,0.0901642206125742
"Resolution of D_loop Structures through Holliday Junction Intermediates",200,0.245485898380792,1.70708559965108,0,0,0.0901642206125742
"Resolution of D_loop Structures through Synthesis_Dependent Strand Annealing SDSA",200,0.245485898380792,1.75603471937562,0,0,0.0901642206125742
"Resolution of Sister Chromatid Cohesion",100,0.546132117656936,2.63660076645114,0,0,0.210407147166335
"Respiratory electron transport",100,0.625031177656315,6.81465023624466,0,0,0.23237762970886
"Retinoid metabolism and transport",700,0.0633440407569983,0.341730471363825,0,0,0.016835900294639
"Retrograde transport at the Trans_Golgi_Network",100,0.575328232399849,4.21963095825918,0,0,0.218739899426964
"Rev_mediated nuclear export of HIV RNA",1300,0.00334374202348208,0.0105571556290201,0,0,0.000724811807339429
"RHO GTPases activate CIT",100,0,0,0,0,0
"RHO GTPases activate PAKs",1300,0.00334374202348208,0.0105571556290201,0,0,0.000724811807339429
"RHO GTPases activate PKNs",250,0.389404235707982,3.03164564808113,0,0,0.124960205647806
"RHO GTPases Activate ROCKs",1250,0.00446873596024185,0.015025891589262,0,0,0.000983074122853068
"RHO GTPases Activate WASPs and WAVEs",200,0.578616167038071,4.39870352005164,0,0,0.181974908151655
"Ribosomal scanning and start codon recognition",250,0.927092199990058,14.5316806168311,0.172413793103448,100,0.234120431512252
"RIG_IslashMDA5 mediated induction of IFN_alphaslashbeta pathways",500,0.657272875660396,5.38454734273884,0,0,0.148864989020621
"RIPK1_mediated regulated necrosis",600,0.0812048160024869,0.473822669183044,0,0,0.0226106395597969
"RIP_mediated NFkB activation via ZBP1",400,0.214134989970149,1.86555775637975,0,0,0.0642535305187248
"RMTs methylate histone arginines",250,0.268823803914923,1.87083329687864,0,0,0.091324841070984
"RNA Pol II CTD phosphorylation and interaction with CE",100,0.467709860732708,2.72348868909376,0,0,0.186782374621071
"RNA Polymerase I Chain Elongation",100,0.368730963013283,1.50761574934501,0,0,0.154194272757742
"RNA Polymerase II HIV Promoter Escape",100,0.368529831013287,2.11218292689783,0,0,0.154124713165116
"RNA Polymerase III Abortive And Retractive Initiation",250,0.276708302211239,2.32156144241769,0,0,0.0936502697948195
"RNA Polymerase III Chain Elongation",500,0.296648869945994,2.69138771851572,0,0,0.079323128725196
"RNA Polymerase III Transcription",250,0.276708302211239,2.32156144241769,0,0,0.0936502697948195
"RNA Polymerase III Transcription Initiation",250,0.301357420262617,2.7158908664373,0,0,0.100803062487786
"RNA Polymerase III Transcription Initiation From Type 1 Promoter",250,0.209988365395152,1.7082112968839,0,0,0.0733809126963445
"RNA Polymerase III Transcription Initiation From Type 2 Promoter",250,0.211302971385804,1.82788795942614,0,0,0.0737934868548866
"RNA Polymerase III Transcription Initiation From Type 3 Promoter",500,0.370059217094627,3.88918481027375,0,0,0.0955809870442754
"RNA Polymerase III Transcription Termination",500,0.214564872988921,2.08753129274919,0,0,0.0596735102088764
"RNA Polymerase II Pre_transcription Events",100,0.269326515047999,2.10203264901548,0,0,0.11805310394729
"RNA Polymerase II Promoter Escape",100,0.368529831013287,2.11218292689783,0,0,0.154124713165116
"RNA polymerase II transcribes snRNA genes",200,0.541987209142993,4.99231781482378,0,0,0.173310533470469
"RNA Polymerase II Transcription Elongation",100,0.347278462171478,3.24634616315245,0,0,0.146695731444027
"RNA Polymerase II Transcription Initiation",100,0.368529831013287,2.11218292689783,0,0,0.154124713165116
"RNA Polymerase II Transcription Initiation And Promoter Clearance",100,0.368529831013287,2.11218292689783,0,0,0.154124713165116
"RNA Polymerase II Transcription Pre_Initiation And Promoter Opening",100,0.368529831013287,2.11218292689783,0,0,0.154124713165116
"RNA Polymerase II Transcription Termination",100,0.546132117656936,2.46752831789696,0,0,0.210407147166335
"RNA Polymerase I Promoter Clearance",200,0.426168685228369,2.73385929253402,0,0,0.143729546165737
"RNA Polymerase I Promoter Escape",1450,0.00174170763967047,0.00311327566534717,0,0,0.000361945259724668
"RNA Polymerase I Promoter Opening",100,0.513630251558616,2.54147492526274,0,0,0.200840209549507
"RNA Polymerase I Transcription",200,0.414959517621491,2.69823336285267,0,0,0.140680589282616
"RNA Polymerase I Transcription Initiation",200,0.289334866440333,2.09062378300848,0,0,0.104066423771808
"RNA Polymerase I Transcription Termination",1450,0.00174170763967047,0.00311327566534717,0,0,0.000361945259724668
"Role of phospholipids in phagocytosis",150,0.354233001726613,3.39433955480486,0,0,0.134077644366672
"RORA activates gene expression",250,0.207473504489137,1.17819820813797,0,0,0.0725901393427106
"ROS RNS production in response to bacteria",150,0.332894925248491,2.41777320408973,0,0,0.127275037726094
"rRNA modification in the nucleus",100,0.319981629796881,1.93570453514311,0,0,0.136918811649239
"S33 mutants of beta_catenin aren t phosphorylated",100,0.546132117656936,2.66435426948418,0,0,0.210407147166335
"S37 mutants of beta_catenin aren t phosphorylated",100,0.546132117656936,2.66435426948418,0,0,0.210407147166335
"S45 mutants of beta_catenin aren t phosphorylated",100,0.546132117656936,2.66435426948418,0,0,0.210407147166335
"SALM protein interactions at the synapse",1250,0.00446873596024185,0.015025891589262,0,0,0.000983074122853068
"Scavenging by Class A Receptors",100,0.67320752603262,4.23494935336711,0,0,0.24496505566195
"Scavenging of heme from plasma",150,0.52135485716082,3.15409745012357,0,0,0.182620669120347
"SCF_beta_TrCP mediated degradation of Emi1",100,0.552209655930559,4.68987894989198,0,0,0.212161821362454
"SCFSkp2_mediated degradation of p27slashp21",100,0.546132117656936,3.14113327287577,0,0,0.210407147166335
"Selenocysteine synthesis",1500,2.5988022326542,37.0484322817946,0.931034482758621,100,0.189952918008635
"Sema3A PAK dependent Axon repulsion",550,0.338474102338166,2.40895789118763,0,0,0.0858370450574183
"Sema4D induced cell migration and growth_cone collapse",1250,0.00446873596024185,0.015025891589262,0,0,0.000983074122853068
"Sema4D in semaphorin signaling",1250,0.00446873596024185,0.015025891589262,0,0,0.000983074122853068
"Semaphorin interactions",550,0.0768026856311109,0.417451957777661,0,0,0.0220995046198231
"Senescence_Associated Secretory Phenotype SASP",100,1.11951450655719,4.98294103422134,0.0344827586206897,100,0.336780880108609
"Serotonin Neurotransmitter Release Cycle",800,0.105323746980697,0.535426595733821,0,0,0.0261117436286142
"SHC1 events in ERBB2 signaling",100,0,0,0,0,0
"SHC_mediated cascade:FGFR1",100,0,0,0,0,0
"SHC_mediated cascade:FGFR2",100,0,0,0,0,0
"SHC_mediated cascade:FGFR3",100,0,0,0,0,0
"SHC_mediated cascade:FGFR4",100,0,0,0,0,0
"Sialic acid metabolism",1200,0.00637144137933346,0.0213973329685954,0,0,0.00142272451079191
"Signal amplification",100,0,0,0,0,0
"Signaling by BMP",1500,0.0013715680256767,0.0013715680256767,0,0,0.000281270786037772
"Signaling by cytosolic FGFR1 fusion mutants",550,0.0953016314024253,0.550856094787134,0,0,0.0271735936493787
"Signaling by EGFR in Cancer",100,0.975458182637225,7.9700347870065,0.0344827586206897,100,0.31149021491897
"Signaling by EGFRvIII in Cancer",550,0.0981332457547222,0.60369709025022,0,0,0.0279420289174478
"Signaling by ERBB2",600,0.869069371065149,8.3375022698814,0.137931034482759,100,0.168331673418113
"Signaling by FGFR1 in disease",150,0.301323237908186,1.8036393700568,0,0,0.11693988516679
"Signaling by FGFR2 IIIa TM",100,0.53357665058821,3.48803116540099,0,0,0.2067482521367
"Signaling by FGFR2 in disease",100,0.424952190509967,2.934781686035,0,0,0.173099478861469
"Signaling by FGFR3 in disease",550,0.104805678907318,0.610369523402816,0,0,0.0297441928696598
"Signaling by FGFR3 point mutants in cancer",550,0.104805678907318,0.610369523402816,0,0,0.0297441928696598
"Signaling by FGFR in disease",150,0.362187432451618,2.69162912220794,0,0,0.136576615928835
"Signaling by Hippo",100,0.544013597529043,6.26818920398433,0,0,0.209792988554724
"Signaling by Ligand_Responsive EGFR Variants in Cancer",100,0.975458182637225,7.9700347870065,0.0344827586206897,100,0.31149021491897
"Signaling by NODAL",100,0,0,0,0,0
"Signaling by NOTCH1",100,1.11191933311082,8.99315274145471,0.0689655172413793,100,0.335536482858884
"Signaling by NOTCH1 HD Domain Mutants in Cancer",100,1.11191933311082,8.43526607338977,0.0344827586206897,100,0.335536482858884
"Signaling by NOTCH1 HD+PEST Domain Mutants in Cancer",150,0.637073116055647,6.18177818912476,0,0,0.2117824823493
"Signaling by NOTCH1 in Cancer",150,0.637073116055647,6.18177818912476,0,0,0.2117824823493
"Signaling by NOTCH1 PEST Domain Mutants in Cancer",150,0.637073116055647,6.18177818912476,0,0,0.2117824823493
"Signaling by NOTCH2",100,0.773486799851764,8.35883743341613,0.103448275862069,100,0.269299277125629
"Signaling by PTK6",150,0.688952181969357,4.3846134503653,0,0,0.223800086673106
"Signaling by Retinoic Acid",400,0.15765886893284,1.53702963013077,0,0,0.0486196312190428
"Signaling by Robo receptor",200,0.245485898380792,1.92334827883708,0,0,0.0901642206125742
"Signaling by TGF_beta Receptor Complex",100,1.11191933311082,8.48151175794283,0.0344827586206897,100,0.335536482858884
"Signaling by WNT in cancer",100,0.499862718043289,2.64366742199181,0,0,0.196693034427947
"Signal transduction by L1",1350,0.00222802400934327,0.00721341360553806,0,0,0.000476130102547075
"SIRT1 negatively regulates rRNA Expression",100,0.488160563121803,2.43364219487525,0,0,0.193122840589254
"SMAD2slashSMAD3:SMAD4 heterotrimer regulates transcription",100,1.13219159910672,9.25393467524617,0.137931034482759,100,0.338836963879398
"Smooth Muscle Contraction",150,0.362187432451618,3.40741268630684,0,0,0.136576615928835
"snRNP Assembly",200,0.174647033042266,1.11231586844177,0,0,0.0663763259552705
"Sphingolipid de novo biosynthesis",550,0.144347114833897,0.829268862477303,0,0,0.04018069043511
"Sphingolipid metabolism",600,0.0812048160024869,0.548320199816574,0,0,0.0226106395597969
"Spry regulation of FGF signaling",100,1.34469673553091,10.2504403035063,0.137931034482759,100,0.3696906338609
"Stabilization of p53",100,0.546132117656936,4.41782393544686,0,0,0.210407147166335
"Steroid hormones",1000,0.0212091675526079,0.0988409053667832,0,0,0.00504191131846182
"STING mediated induction of host immune responses",100,0,0,0,0,0
"Striated Muscle Contraction",100,0,0,0,0,0
"Sulfur amino acid metabolism",100,0,0,0,0,0
"SUMO E3 ligases SUMOylate target proteins",100,0.474914882725218,2.61054999777112,0,0,0.189031004060459
"SUMOylation of DNA damage response and repair proteins",100,0.260955983916012,1.68279783607485,0,0,0.11484258744454
"SUMOylation of DNA replication proteins",600,0.0333890852332624,0.169629743548051,0,0,0.00951961727637569
"SUMOylation of RNA binding proteins",100,0.364188364406899,1.81736198458961,0,0,0.152619842848925
"Surfactant metabolism",1000,0.0212091675526079,0.0794316301863406,0,0,0.00504191131846182
"Switching of origins to a post_replicative state",100,1.11191933311082,7.07145371878224,0.0344827586206897,100,0.335536482858884
"Syndecan interactions",1300,0.00334374202348208,0.0105571556290201,0,0,0.000724811807339429
"Synthesis and interconversion of nucleotide di_ and triphosphates",850,0.0365282981880747,0.163026231820592,0,0,0.0091608760023982
"Synthesis of bile acids and bile salts",1000,0.0212091675526079,0.0794316301863406,0,0,0.00504191131846182
"Synthesis of bile acids and bile salts via 27_hydroxycholesterol",1000,0.0212091675526079,0.0794316301863406,0,0,0.00504191131846182
"Synthesis of bile acids and bile salts via 7alpha_hydroxycholesterol",1000,0.0212091675526079,0.0794316301863406,0,0,0.00504191131846182
"Synthesis of DNA",100,0.981587433318052,6.71587490632838,0.0344827586206897,100,0.312642104930049
"Synthesis of glycosylphosphatidylinositol GPI",200,0.245485898380792,1.70708559965108,0,0,0.0901642206125742
"Synthesis of IP3 and IP4 in the cytosol",550,0.0958178185571627,0.569640487740207,0,0,0.0273138372409851
"Synthesis of Leukotrienes LT and Eoxins EX",1200,0.00637144137933346,0.0213973329685954,0,0,0.00142272451079191
"Synthesis of PA",100,0,0,0,0,0
"Synthesis of PC",250,0.518413579757727,4.76204765036986,0,0,0.156727541875571
"Synthesis of PIPs at the Golgi membrane",1150,0.0104199998473856,0.0318173328159811,0,0,0.00236062633486107
"Synthesis of PIPs at the plasma membrane",800,0.47229524045682,5.21953104387203,0,0,0.0983251358602359
"Synthesis of substrates in N_glycan biosythesis",350,0.0663194993655142,0.424766661689757,0,0,0.0223517973393589
"Synthesis of very long_chain fatty acyl_CoAs",100,0,0,0,0,0
"Synthesis secretion and deacylation of Ghrelin",850,0.0378288936685302,0.164326827301048,0,0,0.0094809211534049
"Synthesis secretion and inactivation of Glucagon_like Peptide_1 GLP_1",850,0.0378288936685302,0.188936989589165,0,0,0.0094809211534049
"T41 mutants of beta_catenin aren t phosphorylated",100,0.546132117656936,2.66435426948418,0,0,0.210407147166335
"TAK1 activates NFkB by phosphorylation and activation of IKKs complex",400,0.324631646119734,2.96827310113501,0,0,0.0924021505265619
"Tat_mediated elongation of the HIV_1 transcript",100,0.350724757285462,3.38657081266393,0,0,0.147911226538068
"Tat_mediated HIV elongation arrest and recovery",100,0.395449286792083,5.20802037231243,0,0,0.163311284155488
"Telomere C_strand Lagging Strand Synthesis",200,0.245485898380792,1.7316957619392,0,0,0.0901642206125742
"Telomere Maintenance",200,0.174647033042266,1.26586113415299,0,0,0.0663763259552705
"Termination of O_glycan biosynthesis",600,0.0950163237049433,0.538919711436824,0,0,0.0262769036886436
"Termination of translesion DNA synthesis",100,0.855400021069407,5.01906587786026,0.0344827586206897,100,0.28744344856646
"TGF_beta receptor signaling activates SMADs",100,1.11191933311082,8.29864903291651,0.0344827586206897,100,0.335536482858884
"TGF_beta receptor signaling in EMT epithelial to mesenchymal transition",100,1.01483677867115,7.76735020036952,0.0344827586206897,100,0.318769206766826
"The canonical retinoid cycle in rods twilight vision",700,0.282845421535868,1.63603521012773,0,0,0.0675755706260416
"The phototransduction cascade",100,0.546132117656936,2.6889644317723,0,0,0.210407147166335
"The role of GTSE1 in G2slashM progression after G2 checkpoint",100,0.546132117656936,5.27929649773837,0,0,0.210407147166335
"The role of Nef in HIV_1 replication and disease pathogenesis",150,0.624814924309525,4.20589374104148,0,0,0.208850688638372
"Thrombin signalling through proteinase activated receptors PARs",1300,0.00334374202348208,0.0105571556290201,0,0,0.000724811807339429
"Thromboxane signalling through TP receptor",100,0,0,0,0,0
"Tie2 Signaling",550,0.0958178185571627,0.569640487740207,0,0,0.0273138372409851
"Tight junction interactions",100,0,0,0,0,0
"TNFR1_induced NFkappaB signaling pathway",600,0.241689900716183,1.97819626327102,0,0,0.0622411879290036
"TNFR2 non_canonical NF_kB pathway",100,0.465436760048782,3.60362690494756,0,0,0.186069589613473
"TNF receptor superfamily TNFSF members mediating non_canonical NF_kB pathway",500,0.126486245255352,0.863016409858414,0,0,0.0367154617498198
"TNFs bind their physiological receptors",500,0.296648869945994,2.07260134041766,0,0,0.079323128725196
"TNF signaling",600,0.869069371065149,9.83083006955232,0.103448275862069,500,0.168331673418113
"Toll Like Receptor 10 TLR10 Cascade",250,0.927092199990058,9.60375899422086,0.103448275862069,250,0.234120431512252
"Toll Like Receptor 2 TLR2 Cascade",250,0.927092199990058,9.17299274362954,0.103448275862069,250,0.234120431512252
"Toll Like Receptor 3 TLR3 Cascade",250,0.744477267238552,6.71326215487765,0.0344827586206897,250,0.203405361190755
"Toll Like Receptor 5 TLR5 Cascade",250,0.927092199990058,9.60375899422086,0.103448275862069,250,0.234120431512252
"Toll Like Receptor 7slash8 TLR7slash8 Cascade",250,0.927092199990058,9.53591039275883,0.103448275862069,250,0.234120431512252
"Toll Like Receptor 9 TLR9 Cascade",250,0.901514264604577,9.26966108648405,0.0689655172413793,250,0.230148615597206
"Toll Like Receptor TLR1:TLR2 Cascade",250,0.927092199990058,9.17299274362954,0.103448275862069,250,0.234120431512252
"Toll Like Receptor TLR6:TLR2 Cascade",250,0.927092199990058,9.17299274362954,0.103448275862069,250,0.234120431512252
"TP53 Regulates Metabolic Genes",100,0.206931988812652,1.92195010433279,0,0,0.0934625268501668
"TP53 regulates transcription of additional cell cycle genes whose exact role in the p53 pathway remain uncertain",400,0.152596462510915,1.27925262987696,0,0,0.0471746402653203
"TP53 Regulates Transcription of Cell Cycle Genes",400,0.152596462510915,1.10055116816474,0,0,0.0471746402653203
"TP53 Regulates Transcription of Cell Death Genes",150,0.287772969578874,1.40947303779265,0,0,0.112403077297864
"TP53 Regulates Transcription of DNA Repair Genes",100,0.291660854052146,2.29915172487061,0,0,0.126489078776089
"TP53 Regulates Transcription of Genes Involved in Cytochrome C Release",1000,0.0346505355347113,0.136578086072182,0,0,0.00818231813762145
"TP53 Regulates Transcription of Genes Involved in G2 Cell Cycle Arrest",400,0.152596462510915,0.967693818296986,0,0,0.0471746402653203
"TRAF6 mediated induction of NFkB and MAP kinases upon TLR7slash8 or 9 activation",250,0.927092199990058,9.60375899422086,0.103448275862069,250,0.234120431512252
"TRAF6 Mediated Induction of proinflammatory cytokines",250,0.927092199990058,9.78633225644123,0.137931034482759,100,0.234120431512252
"TRAF6 mediated induction of TAK1 complex",100,0.985916846952085,9.76630193158034,0.137931034482759,100,0.31345150138512
"TRAF6 mediated IRF7 activation",400,0.140187084178282,0.915945602742748,0,0,0.0436014641864209
"TRAF6 mediated NF_kB activation",500,0.350693756156503,3.26907550468782,0,0,0.091407419280279
"Trafficking of AMPA receptors",500,0.126486245255352,0.736855768658168,0,0,0.0367154617498198
"Trafficking of GluR2_containing AMPA receptors",500,0.15778250936353,0.893656720532043,0,0,0.0451055090677732
"Transcriptional activation of mitochondrial biogenesis",150,0.26968667430676,1.95193758820861,0,0,0.106250961545304
"Transcriptional activity of SMAD2slashSMAD3:SMAD4 heterotrimer",100,1.07448159118659,9.30088828805821,0.0689655172413793,100,0.329262633532621
"Transcriptional regulation by small RNAs",100,0.546132117656936,2.56193438298255,0,0,0.210407147166335
"Transcriptional regulation of pluripotent stem cells",100,0.510888143797809,3.08302614932585,0,0,0.200018755423244
"Transcriptional regulation of white adipocyte differentiation",250,0.168979222082689,1.28186192908371,0,0,0.0602344776977508
"Transcription_Coupled Nucleotide Excision Repair TC_NER",500,0.79134497644332,8.41081908604823,0.0689655172413793,100,0.168959740267483
"Transcription of the HIV genome",100,0.260955983916012,2.03907780124063,0,0,0.11484258744454
"Transferrin endocytosis and recycling",250,0.38177606788047,2.87349344716968,0,0,0.122950417629062
"trans_Golgi Network Vesicle Budding",150,0.539134784481496,3.21720751924221,0,0,0.18732364864337
"Translation initiation complex formation",100,0.816096889012489,10.5340869424808,0.0689655172413793,100,0.278922966333238
"Translesion Synthesis by POLH",100,0.981587433318052,7.01460645311508,0.0344827586206897,100,0.312642104930049
"Translesion synthesis by POLI",100,0.981587433318052,7.01460645311508,0.0344827586206897,100,0.312642104930049
"Translesion synthesis by POLK",100,0.981587433318052,7.01460645311508,0.0344827586206897,100,0.312642104930049
"Translesion synthesis by REV1",100,0.981587433318052,7.01460645311508,0.0344827586206897,100,0.312642104930049
"Translesion synthesis by Y family DNA polymerases bypasses lesions on DNA template",100,0.755851745898354,3.94177590287065,0.0344827586206897,100,0.265194772220791
"Translocation of GLUT4 to the plasma membrane",400,0.178164796397513,1.51531959107007,0,0,0.0543984967477977
"Translocation of ZAP_70 to Immunological synapse",250,0.927092199990058,9.96606192458874,0.0689655172413793,250,0.234120431512252
"Transport of inorganic cationsslashanions and amino acidsslasholigopeptides",600,0.0900521211867342,0.605036188688651,0,0,0.0249649818050713
"Transport of Mature mRNA derived from an Intron_Containing Transcript",100,0.525630895263083,2.04146514523071,0,0,0.204408863703562
"Transport of Mature mRNA Derived from an Intronless Transcript",800,0.0159465516172252,0.0776703074823896,0,0,0.00413226581303787
"Transport of Mature mRNAs Derived from Intronless Transcripts",800,0.0159465516172252,0.0776703074823896,0,0,0.00413226581303787
"Transport of Mature Transcript to Cytoplasm",100,0.506973993019915,1.87182954179681,0,0,0.198842282657555
"Transport of Ribonucleoproteins into the Host Nucleus",1000,0.0124637173877411,0.0705055421359754,0,0,0.00297586272828358
"Transport of the SLBP Dependant Mature mRNA",1300,0.00334374202348208,0.0105571556290201,0,0,0.000724811807339429
"Transport of the SLBP independent Mature mRNA",1300,0.00334374202348208,0.0105571556290201,0,0,0.000724811807339429
"Transport of vitamins nucleosides and related molecules",400,0.152596462510915,0.993290226500737,0,0,0.0471746402653203
"TRIF_mediated TLR3slashTLR4 signaling",250,0.744477267238552,6.71326215487765,0.0344827586206897,250,0.203405361190755
"Triglyceride Biosynthesis",950,0.0194092751804427,0.106532229819204,0,0,0.0047087587535718
"Tristetraprolin TTP ZFP36 binds and destabilizes mRNA",850,0.258022958480878,2.60218397423373,0,0,0.0580829785078931
"tRNA Aminoacylation",1450,0.95889106707707,11.6495902161607,0.103448275862069,1250,0.128264731123221
"tRNA modification in the nucleus and cytosol",500,0.15778250936353,1.22729744097202,0,0,0.0451055090677732
"tRNA processing in the nucleus",100,0.347278462171478,1.60807358705139,0,0,0.146695731444027
"TRP channels",100,0,0,0,0,0
"Ubiquitin_dependent degradation of Cyclin D",100,0.561863803665629,4.79296525528645,0,0,0.214927283095772
"Ubiquitin_dependent degradation of Cyclin D1",100,0.561863803665629,4.79296525528645,0,0,0.214927283095772
"Ubiquitin Mediated Degradation of Phosphorylated Cdc25A",100,0.561863803665629,4.79296525528645,0,0,0.214927283095772
"Unblocking of NMDA receptor glutamate binding and activation",100,0,0,0,0,0
"Unfolded Protein Response UPR",100,0.48496938045573,2.35694123327118,0,0,0.192141975289757
"Uptake and actions of bacterial toxins",100,0.488160563121803,3.70571860264155,0,0,0.193122840589254
"Vasopressin regulates renal water homeostasis via Aquaporins",100,0,0,0,0,0
"VEGFR2 mediated vascular permeability",250,0.211302971385804,1.3992423233963,0,0,0.0737934868548866
"Vif_mediated degradation of APOBEC3G",100,0.546132117656936,5.10537321319788,0,0,0.210407147166335
"Viral Messenger RNA Synthesis",100,0.368730963013283,2.11366367698854,0,0,0.154194272757742
"Viral mRNA Translation",1500,2.37017944464661,33.1642629194156,0.896551724137931,100,0.186033068949109
"Visual phototransduction",100,0.424952190509967,2.15812925061694,0,0,0.173099478861469
"Voltage gated Potassium channels",550,0.382615816937704,2.61068888758256,0,0,0.0950389694262449
"Vpr_mediated nuclear import of PICs",1000,0.010162116849068,0.0607914693331135,0,0,0.00242911641805554
"Vpu mediated degradation of CD4",100,0.552209655930559,4.68987894989198,0,0,0.212161821362454
"VxPx cargo_targeting to cilium",300,0.162696616905403,1.25029672988448,0,0,0.0549590880458202
"WNT5A_dependent internalization of FZD4",500,0.126486245255352,0.736855768658168,0,0,0.0367154617498198
"WNT ligand biogenesis and trafficking",100,0.634835156624838,3.73356276964752,0,0,0.234988574063733
"XBP1S activates chaperone genes",500,0.0964551708113131,0.726986526585877,0,0,0.0284139260300256
"Xenobiotics",100,0,0,0,0,0
"YAP1_ and WWTR1 TAZ_stimulated gene expression",250,0.211302971385804,1.7470571715514,0,0,0.0737934868548866
"ZBP1DAI mediated induction of type I IFNs",250,0.207473504489137,1.66903334431204,0,0,0.0725901393427106
"Zinc transporters",400,0.153909197122722,1.25163861618862,0,0,0.0475500442293815
